2026-09-25 14:04:54.038 UTC [5550] DEBUG:  registering background worker "logical replication launcher"
2026-09-25 14:04:54.039 UTC [5550] DEBUG:  loaded library "/tmp/pin-pr25-native/lib/pin"
2026-09-25 14:04:54.039 UTC [5550] DEBUG:  mmap(157286400) with MAP_HUGETLB failed, huge pages disabled: Cannot allocate memory
2026-09-25 14:04:54.048 UTC [5550] LOG:  starting PostgreSQL 18.6 (Ubuntu 18.6-0ubuntu0.26.04.1) on x86_64-pc-linux-gnu, compiled by gcc (Ubuntu 15.2.0-16ubuntu1) 15.2.0, 64-bit
2026-09-25 14:04:54.048 UTC [5550] LOG:  listening on Unix socket "/tmp/pin-pr25-native/socket/.s.PGSQL.55491"
2026-09-25 14:04:54.049 UTC [5550] DEBUG:  updating PMState from PM_INIT to PM_STARTUP
2026-09-25 14:04:54.051 UTC [5556] LOG:  database system was shut down at 2026-09-25 14:04:54 UTC
2026-09-25 14:04:54.051 UTC [5556] DEBUG:  checkpoint record is at 0/1765CE0
2026-09-25 14:04:54.051 UTC [5556] DEBUG:  redo record is at 0/1765CE0; shutdown true
2026-09-25 14:04:54.051 UTC [5556] DEBUG:  next transaction ID: 752; next OID: 13691
2026-09-25 14:04:54.051 UTC [5556] DEBUG:  next MultiXactId: 1; next MultiXactOffset: 0
2026-09-25 14:04:54.051 UTC [5556] DEBUG:  oldest unfrozen transaction ID: 744, in database 1
2026-09-25 14:04:54.051 UTC [5556] DEBUG:  oldest MultiXactId: 1, in database 1
2026-09-25 14:04:54.051 UTC [5556] DEBUG:  commit timestamp Xid oldest/newest: 0/0
2026-09-25 14:04:54.051 UTC [5556] DEBUG:  transaction ID wrap limit is 2147484391, limited by database with OID 1
2026-09-25 14:04:54.051 UTC [5556] DEBUG:  MultiXactId wrap limit is 2147483648, limited by database with OID 1
2026-09-25 14:04:54.051 UTC [5556] DEBUG:  starting up replication slots
2026-09-25 14:04:54.051 UTC [5556] DEBUG:  xmin required by slots: data 0, catalog 0
2026-09-25 14:04:54.052 UTC [5556] DEBUG:  MultiXactId wrap limit is 2147483648, limited by database with OID 1
2026-09-25 14:04:54.052 UTC [5556] DEBUG:  MultiXact member stop limit is now 4294914944 based on MultiXact 1
2026-09-25 14:04:54.054 UTC [5550] DEBUG:  updating PMState from PM_STARTUP to PM_RUN
2026-09-25 14:04:54.054 UTC [5550] LOG:  database system is ready to accept connections
2026-09-25 14:04:54.054 UTC [5550] DEBUG:  starting background worker process "logical replication launcher"
2026-09-25 14:04:54.055 UTC [5558] DEBUG:  logical replication launcher started
2026-09-25 14:04:54.135 UTC [5559] FATAL:  database "reing" does not exist
2026-09-25 14:04:59.164 UTC [5572] DEBUG:  executing extension script for "pin" version '0.0.0'
2026-09-25 14:05:29.118 UTC [5604] DEBUG:  building index "pg_toast_16408_index" on table "pg_toast_16408" serially
2026-09-25 14:05:29.118 UTC [5604] DEBUG:  index "pg_toast_16408_index" can safely use deduplication
2026-09-25 14:05:29.119 UTC [5604] DEBUG:  CREATE TABLE / PRIMARY KEY will create implicit index "g10_docs_pkey" for table "g10_docs"
2026-09-25 14:05:29.119 UTC [5604] DEBUG:  building index "g10_docs_pkey" on table "g10_docs" serially
2026-09-25 14:05:29.119 UTC [5604] DEBUG:  index "g10_docs_pkey" can safely use deduplication
2026-09-25 14:05:29.122 UTC [5604] DEBUG:  building index "g10_docs_pin" on table "g10_docs" serially
2026-09-25 14:05:29.218 UTC [5604] DEBUG:  Pin grouped snapshot: documents=1200 groups=1 written_pages=8 reclaimed_pages=0 sort_spilled=false frontier_terms=0
2026-09-25 14:05:29.221 UTC [5604] DEBUG:  building index "g10_docs_gin" on table "g10_docs" serially
2026-09-25 14:05:29.300 UTC [5604] DEBUG:  Pin grouped delta: documents=512 groups=1 written_pages=8 reclaimed_pages=0 sort_spilled=false
2026-09-25 14:05:29.377 UTC [5604] DEBUG:  Pin grouped delta: documents=1024 groups=1 written_pages=9 reclaimed_pages=8 sort_spilled=false
2026-09-25 14:05:29.448 UTC [5604] DEBUG:  Pin grouped snapshot: documents=2206 groups=1 written_pages=12 reclaimed_pages=17 sort_spilled=false frontier_terms=0
2026-09-25 14:05:29.448 UTC [5604] CONTEXT:  while cleaning up index "g10_docs_pin" of relation "public.g10_docs"
2026-09-25 14:05:29.448 UTC [5604] DEBUG:  Pin compaction: retained_pages=0 written_pages=17 reclaimed_pages=30 reused_pages=17
2026-09-25 14:05:29.448 UTC [5604] CONTEXT:  while cleaning up index "g10_docs_pin" of relation "public.g10_docs"
2026-09-25 14:05:29.509 UTC [5604] DEBUG:  building index "g10_docs_pin" on table "g10_docs" serially
2026-09-25 14:05:29.723 UTC [5604] DEBUG:  Pin grouped snapshot: documents=2207 groups=1 written_pages=12 reclaimed_pages=0 sort_spilled=false frontier_terms=0
2026-09-25 14:06:30.510 UTC [5550] LOG:  received fast shutdown request
2026-09-25 14:06:30.510 UTC [5550] LOG:  aborting any active transactions
2026-09-25 14:06:30.510 UTC [5550] DEBUG:  updating PMState from PM_RUN to PM_STOP_BACKENDS
2026-09-25 14:06:30.510 UTC [5550] DEBUG:  updating PMState from PM_STOP_BACKENDS to PM_WAIT_BACKENDS
2026-09-25 14:06:30.510 UTC [5558] DEBUG:  logical replication launcher shutting down
2026-09-25 14:06:30.512 UTC [5550] LOG:  background worker "logical replication launcher" (PID 5558) exited with exit code 1
2026-09-25 14:06:30.512 UTC [5550] DEBUG:  updating PMState from PM_WAIT_BACKENDS to PM_WAIT_XLOG_SHUTDOWN
2026-09-25 14:06:30.513 UTC [5554] LOG:  shutting down
2026-09-25 14:06:30.513 UTC [5554] LOG:  checkpoint starting: shutdown immediate
2026-09-25 14:06:30.513 UTC [5554] DEBUG:  performing replication slot checkpoint
2026-09-25 14:06:30.514 UTC [5554] DEBUG:  checkpoint sync: number=1 file=base/5/2609_vm time=0.001 ms
2026-09-25 14:06:30.514 UTC [5554] DEBUG:  checkpoint sync: number=2 file=base/5/1249 time=0.001 ms
2026-09-25 14:06:30.514 UTC [5554] DEBUG:  checkpoint sync: number=3 file=base/5/2662 time=0.001 ms
2026-09-25 14:06:30.514 UTC [5554] DEBUG:  checkpoint sync: number=4 file=base/5/2674 time=0.001 ms
2026-09-25 14:06:30.514 UTC [5554] DEBUG:  checkpoint sync: number=5 file=base/5/2601_vm time=0.001 ms
2026-09-25 14:06:30.514 UTC [5554] DEBUG:  checkpoint sync: number=6 file=base/5/2579 time=0.000 ms
2026-09-25 14:06:30.514 UTC [5554] DEBUG:  checkpoint sync: number=7 file=base/5/2608 time=0.001 ms
2026-09-25 14:06:30.514 UTC [5554] DEBUG:  checkpoint sync: number=8 file=base/5/2688 time=0.000 ms
2026-09-25 14:06:30.515 UTC [5554] DEBUG:  checkpoint sync: number=9 file=base/5/2685 time=0.000 ms
2026-09-25 14:06:30.515 UTC [5554] DEBUG:  checkpoint sync: number=10 file=base/5/1247 time=0.000 ms
2026-09-25 14:06:30.515 UTC [5554] DEBUG:  checkpoint sync: number=11 file=base/5/2658 time=0.000 ms
2026-09-25 14:06:30.515 UTC [5554] DEBUG:  checkpoint sync: number=12 file=base/5/3081 time=0.000 ms
2026-09-25 14:06:30.515 UTC [5554] DEBUG:  checkpoint sync: number=13 file=base/5/1259 time=0.000 ms
2026-09-25 14:06:30.515 UTC [5554] DEBUG:  checkpoint sync: number=14 file=base/5/1249_fsm time=0.000 ms
2026-09-25 14:06:30.515 UTC [5554] DEBUG:  checkpoint sync: number=15 file=base/5/2704 time=0.000 ms
2026-09-25 14:06:30.515 UTC [5554] DEBUG:  checkpoint sync: number=16 file=base/5/16419 time=0.000 ms
2026-09-25 14:06:30.515 UTC [5554] DEBUG:  checkpoint sync: number=17 file=base/5/2691 time=0.000 ms
2026-09-25 14:06:30.515 UTC [5554] DEBUG:  checkpoint sync: number=18 file=base/5/1247_vm time=0.000 ms
2026-09-25 14:06:30.515 UTC [5554] DEBUG:  checkpoint sync: number=19 file=base/5/16408_vm time=0.000 ms
2026-09-25 14:06:30.515 UTC [5554] DEBUG:  checkpoint sync: number=20 file=base/5/2616_vm time=0.000 ms
2026-09-25 14:06:30.515 UTC [5554] DEBUG:  checkpoint sync: number=21 file=base/5/2615 time=0.001 ms
2026-09-25 14:06:30.515 UTC [5554] DEBUG:  checkpoint sync: number=22 file=base/5/2651 time=0.000 ms
2026-09-25 14:06:30.515 UTC [5554] DEBUG:  checkpoint sync: number=23 file=base/5/16418 time=0.005 ms
2026-09-25 14:06:30.515 UTC [5554] DEBUG:  checkpoint sync: number=24 file=base/5/2659 time=0.000 ms
2026-09-25 14:06:30.515 UTC [5554] DEBUG:  checkpoint sync: number=25 file=base/5/2608_fsm time=0.000 ms
2026-09-25 14:06:30.515 UTC [5554] DEBUG:  checkpoint sync: number=26 file=base/5/2609 time=0.000 ms
2026-09-25 14:06:30.515 UTC [5554] DEBUG:  checkpoint sync: number=27 file=base/5/2616 time=0.000 ms
2026-09-25 14:06:30.515 UTC [5554] DEBUG:  checkpoint sync: number=28 file=pg_xact/0000 time=0.003 ms
2026-09-25 14:06:30.515 UTC [5554] DEBUG:  checkpoint sync: number=29 file=pg_multixact/offsets/0000 time=0.002 ms
2026-09-25 14:06:30.515 UTC [5554] DEBUG:  checkpoint sync: number=30 file=base/5/2610_fsm time=0.000 ms
2026-09-25 14:06:30.515 UTC [5554] DEBUG:  checkpoint sync: number=31 file=base/5/2673 time=0.000 ms
2026-09-25 14:06:30.515 UTC [5554] DEBUG:  checkpoint sync: number=32 file=base/5/2654 time=0.000 ms
2026-09-25 14:06:30.515 UTC [5554] DEBUG:  checkpoint sync: number=33 file=base/5/2675 time=0.000 ms
2026-09-25 14:06:30.515 UTC [5554] DEBUG:  checkpoint sync: number=34 file=base/5/2606_vm time=0.001 ms
2026-09-25 14:06:30.515 UTC [5554] DEBUG:  checkpoint sync: number=35 file=base/5/16408_fsm time=0.000 ms
2026-09-25 14:06:30.515 UTC [5554] DEBUG:  checkpoint sync: number=36 file=base/5/2753 time=0.000 ms
2026-09-25 14:06:30.515 UTC [5554] DEBUG:  checkpoint sync: number=37 file=base/5/2755 time=0.000 ms
2026-09-25 14:06:30.515 UTC [5554] DEBUG:  checkpoint sync: number=38 file=base/5/2606 time=0.000 ms
2026-09-25 14:06:30.515 UTC [5554] DEBUG:  checkpoint sync: number=39 file=base/5/2615_vm time=0.000 ms
2026-09-25 14:06:30.515 UTC [5554] DEBUG:  checkpoint sync: number=40 file=base/5/3079_vm time=0.000 ms
2026-09-25 14:06:30.515 UTC [5554] DEBUG:  checkpoint sync: number=41 file=base/5/16416 time=0.000 ms
2026-09-25 14:06:30.515 UTC [5554] DEBUG:  checkpoint sync: number=42 file=base/5/1255 time=0.000 ms
2026-09-25 14:06:30.515 UTC [5554] DEBUG:  checkpoint sync: number=43 file=base/5/2686 time=0.000 ms
2026-09-25 14:06:30.515 UTC [5554] DEBUG:  checkpoint sync: number=44 file=base/5/1255_fsm time=0.000 ms
2026-09-25 14:06:30.515 UTC [5554] DEBUG:  checkpoint sync: number=45 file=base/5/2667 time=0.000 ms
2026-09-25 14:06:30.515 UTC [5554] DEBUG:  checkpoint sync: number=46 file=base/5/2679 time=0.000 ms
2026-09-25 14:06:30.515 UTC [5554] DEBUG:  checkpoint sync: number=47 file=base/5/2602_vm time=0.000 ms
2026-09-25 14:06:30.515 UTC [5554] DEBUG:  checkpoint sync: number=48 file=base/5/16414 time=0.002 ms
2026-09-25 14:06:30.515 UTC [5554] DEBUG:  checkpoint sync: number=49 file=base/5/2663 time=0.000 ms
2026-09-25 14:06:30.515 UTC [5554] DEBUG:  checkpoint sync: number=50 file=base/5/2665 time=0.000 ms
2026-09-25 14:06:30.515 UTC [5554] DEBUG:  checkpoint sync: number=51 file=base/5/16419_fsm time=0.000 ms
2026-09-25 14:06:30.515 UTC [5554] DEBUG:  checkpoint sync: number=52 file=base/5/1249_vm time=0.000 ms
2026-09-25 14:06:30.515 UTC [5554] DEBUG:  checkpoint sync: number=53 file=base/5/2687 time=0.000 ms
2026-09-25 14:06:30.515 UTC [5554] DEBUG:  checkpoint sync: number=54 file=base/5/2756 time=0.000 ms
2026-09-25 14:06:30.515 UTC [5554] DEBUG:  checkpoint sync: number=55 file=base/5/1259_vm time=0.000 ms
2026-09-25 14:06:30.515 UTC [5554] DEBUG:  checkpoint sync: number=56 file=base/5/2753_vm time=0.000 ms
2026-09-25 14:06:30.515 UTC [5554] DEBUG:  checkpoint sync: number=57 file=base/5/2690 time=0.000 ms
2026-09-25 14:06:30.515 UTC [5554] DEBUG:  checkpoint sync: number=58 file=base/5/16408 time=0.000 ms
2026-09-25 14:06:30.515 UTC [5554] DEBUG:  checkpoint sync: number=59 file=base/5/3080 time=0.000 ms
2026-09-25 14:06:30.515 UTC [5554] DEBUG:  checkpoint sync: number=60 file=base/5/2684 time=0.000 ms
2026-09-25 14:06:30.515 UTC [5554] DEBUG:  checkpoint sync: number=61 file=base/5/2689 time=0.000 ms
2026-09-25 14:06:30.515 UTC [5554] DEBUG:  checkpoint sync: number=62 file=base/5/16421 time=0.000 ms
2026-09-25 14:06:30.515 UTC [5554] DEBUG:  checkpoint sync: number=63 file=base/5/2608_vm time=0.000 ms
2026-09-25 14:06:30.515 UTC [5554] DEBUG:  checkpoint sync: number=64 file=base/5/3079 time=0.000 ms
2026-09-25 14:06:30.515 UTC [5554] DEBUG:  checkpoint sync: number=65 file=base/5/2617_vm time=0.000 ms
2026-09-25 14:06:30.515 UTC [5554] DEBUG:  checkpoint sync: number=66 file=base/5/1255_vm time=0.000 ms
2026-09-25 14:06:30.515 UTC [5554] DEBUG:  checkpoint sync: number=67 file=base/5/2604 time=0.000 ms
2026-09-25 14:06:30.515 UTC [5554] DEBUG:  checkpoint sync: number=68 file=base/5/2666 time=0.000 ms
2026-09-25 14:06:30.515 UTC [5554] DEBUG:  checkpoint sync: number=69 file=base/5/2754 time=0.000 ms
2026-09-25 14:06:30.515 UTC [5554] DEBUG:  checkpoint sync: number=70 file=base/5/2678 time=0.000 ms
2026-09-25 14:06:30.515 UTC [5554] DEBUG:  checkpoint sync: number=71 file=base/5/3455 time=0.000 ms
2026-09-25 14:06:30.515 UTC [5554] DEBUG:  checkpoint sync: number=72 file=base/5/2610 time=0.000 ms
2026-09-25 14:06:30.515 UTC [5554] DEBUG:  checkpoint sync: number=73 file=base/5/2657 time=0.000 ms
2026-09-25 14:06:30.515 UTC [5554] DEBUG:  checkpoint sync: number=74 file=base/5/2656 time=0.000 ms
2026-09-25 14:06:30.515 UTC [5554] DEBUG:  checkpoint sync: number=75 file=base/5/16415 time=0.001 ms
2026-09-25 14:06:30.515 UTC [5554] DEBUG:  checkpoint sync: number=76 file=base/5/2653 time=0.007 ms
2026-09-25 14:06:30.515 UTC [5554] DEBUG:  checkpoint sync: number=77 file=base/5/2602 time=0.000 ms
2026-09-25 14:06:30.515 UTC [5554] DEBUG:  checkpoint sync: number=78 file=base/5/2601 time=0.000 ms
2026-09-25 14:06:30.515 UTC [5554] DEBUG:  checkpoint sync: number=79 file=base/5/2610_vm time=0.000 ms
2026-09-25 14:06:30.515 UTC [5554] DEBUG:  checkpoint sync: number=80 file=base/5/2664 time=0.000 ms
2026-09-25 14:06:30.515 UTC [5554] DEBUG:  checkpoint sync: number=81 file=base/5/2703 time=0.000 ms
2026-09-25 14:06:30.515 UTC [5554] DEBUG:  checkpoint sync: number=82 file=base/5/2617 time=0.000 ms
2026-09-25 14:06:30.515 UTC [5554] DEBUG:  checkpoint sync: number=83 file=base/5/2652 time=0.000 ms
2026-09-25 14:06:30.515 UTC [5554] LOG:  checkpoint complete: wrote 218 buffers (1.3%), wrote 3 SLRU buffers; 0 WAL file(s) added, 0 removed, 1 recycled; write=0.002 s, sync=0.001 s, total=0.003 s; sync files=83, longest=0.001 s, average=0.000 s; distance=14364 kB, estimate=14364 kB; lsn=0/256CFD8, redo lsn=0/256CFD8
2026-09-25 14:06:30.515 UTC [5550] DEBUG:  updating PMState from PM_WAIT_XLOG_SHUTDOWN to PM_WAIT_XLOG_ARCHIVAL
2026-09-25 14:06:30.515 UTC [5550] DEBUG:  updating PMState from PM_WAIT_XLOG_ARCHIVAL to PM_WAIT_IO_WORKERS
2026-09-25 14:06:30.517 UTC [5550] DEBUG:  updating PMState from PM_WAIT_IO_WORKERS to PM_WAIT_CHECKPOINTER
2026-09-25 14:06:30.519 UTC [5550] DEBUG:  updating PMState from PM_WAIT_CHECKPOINTER to PM_WAIT_DEAD_END
2026-09-25 14:06:30.519 UTC [5550] DEBUG:  updating PMState from PM_WAIT_DEAD_END to PM_NO_CHILDREN
2026-09-25 14:06:30.522 UTC [5550] LOG:  database system is shut down
2026-09-25 14:06:30.644 UTC [5863] DEBUG:  registering background worker "logical replication launcher"
2026-09-25 14:06:30.644 UTC [5863] DEBUG:  loaded library "/tmp/pin-pr25-native/lib/pin"
2026-09-25 14:06:30.645 UTC [5863] DEBUG:  mmap(157286400) with MAP_HUGETLB failed, huge pages disabled: Cannot allocate memory
2026-09-25 14:06:30.654 UTC [5863] LOG:  starting PostgreSQL 18.6 (Ubuntu 18.6-0ubuntu0.26.04.1) on x86_64-pc-linux-gnu, compiled by gcc (Ubuntu 15.2.0-16ubuntu1) 15.2.0, 64-bit
2026-09-25 14:06:30.654 UTC [5863] LOG:  listening on Unix socket "/tmp/pin-pr25-native/socket/.s.PGSQL.55491"
2026-09-25 14:06:30.655 UTC [5863] DEBUG:  updating PMState from PM_INIT to PM_STARTUP
2026-09-25 14:06:30.658 UTC [5869] LOG:  database system was shut down at 2026-09-25 14:06:30 UTC
2026-09-25 14:06:30.658 UTC [5869] DEBUG:  checkpoint record is at 0/256CFD8
2026-09-25 14:06:30.658 UTC [5869] DEBUG:  redo record is at 0/256CFD8; shutdown true
2026-09-25 14:06:30.658 UTC [5869] DEBUG:  next transaction ID: 768; next OID: 16422
2026-09-25 14:06:30.658 UTC [5869] DEBUG:  next MultiXactId: 1; next MultiXactOffset: 0
2026-09-25 14:06:30.658 UTC [5869] DEBUG:  oldest unfrozen transaction ID: 744, in database 1
2026-09-25 14:06:30.658 UTC [5869] DEBUG:  oldest MultiXactId: 1, in database 1
2026-09-25 14:06:30.658 UTC [5869] DEBUG:  commit timestamp Xid oldest/newest: 0/0
2026-09-25 14:06:30.658 UTC [5869] DEBUG:  transaction ID wrap limit is 2147484391, limited by database with OID 1
2026-09-25 14:06:30.658 UTC [5869] DEBUG:  MultiXactId wrap limit is 2147483648, limited by database with OID 1
2026-09-25 14:06:30.658 UTC [5869] DEBUG:  starting up replication slots
2026-09-25 14:06:30.658 UTC [5869] DEBUG:  xmin required by slots: data 0, catalog 0
2026-09-25 14:06:30.659 UTC [5869] DEBUG:  MultiXactId wrap limit is 2147483648, limited by database with OID 1
2026-09-25 14:06:30.659 UTC [5869] DEBUG:  MultiXact member stop limit is now 4294914944 based on MultiXact 1
2026-09-25 14:06:30.660 UTC [5863] DEBUG:  updating PMState from PM_STARTUP to PM_RUN
2026-09-25 14:06:30.660 UTC [5863] LOG:  database system is ready to accept connections
2026-09-25 14:06:30.660 UTC [5863] DEBUG:  starting background worker process "logical replication launcher"
2026-09-25 14:06:30.661 UTC [5871] DEBUG:  logical replication launcher started
2026-09-25 14:06:39.329 UTC [5895] DEBUG:  building index "pg_toast_16423_index" on table "pg_toast_16423" serially
2026-09-25 14:06:39.329 UTC [5895] DEBUG:  index "pg_toast_16423_index" can safely use deduplication
2026-09-25 14:06:39.418 UTC [5895] DEBUG:  building index "documents_pin" on table "documents" serially
2026-09-25 14:06:42.821 UTC [5895] DEBUG:  Pin grouped snapshot: documents=20000 groups=3 written_pages=9352 reclaimed_pages=0 sort_spilled=false frontier_terms=0
2026-09-25 14:06:42.825 UTC [5895] DEBUG:  building index "documents_gin" on table "documents" serially
2026-09-25 14:06:43.476 UTC [5895] DEBUG:  Pin compaction: retained_pages=0 written_pages=4132 reclaimed_pages=4284 reused_pages=4124
2026-09-25 14:06:43.476 UTC [5895] CONTEXT:  while cleaning up index "documents_pin" of relation "pin_grouped_count_bench.documents"
2026-09-25 14:06:47.082 UTC [5895] DEBUG:  Pin grouped delta: documents=512 groups=1 written_pages=528 reclaimed_pages=0 sort_spilled=false
2026-09-25 14:06:47.711 UTC [5895] DEBUG:  Pin grouped delta: documents=1024 groups=1 written_pages=1046 reclaimed_pages=528 sort_spilled=false
2026-09-25 14:06:47.857 UTC [5895] DEBUG:  Pin grouped delta: documents=512 groups=1 written_pages=528 reclaimed_pages=0 sort_spilled=false
2026-09-25 14:06:50.071 UTC [5895] DEBUG:  Pin grouped delta: documents=2048 groups=1 written_pages=2082 reclaimed_pages=1574 sort_spilled=false
2026-09-25 14:06:50.187 UTC [5895] DEBUG:  Pin grouped delta: documents=512 groups=1 written_pages=528 reclaimed_pages=0 sort_spilled=false
2026-09-25 14:06:50.750 UTC [5895] DEBUG:  Pin grouped delta: documents=1024 groups=1 written_pages=1046 reclaimed_pages=528 sort_spilled=false
2026-09-25 14:06:50.871 UTC [5895] DEBUG:  Pin grouped delta: documents=512 groups=1 written_pages=528 reclaimed_pages=0 sort_spilled=false
2026-09-25 14:07:00.017 UTC [5895] DEBUG:  Pin grouped delta: documents=4096 groups=1 written_pages=4151 reclaimed_pages=3656 sort_spilled=false
2026-09-25 14:11:30.929 UTC [5867] LOG:  checkpoint starting: time
2026-09-25 14:11:30.929 UTC [5867] DEBUG:  performing replication slot checkpoint
2026-09-25 14:12:05.892 UTC [5895] DEBUG:  Pin grouped snapshot: documents=23871 groups=3 written_pages=12415 reclaimed_pages=13503 sort_spilled=false frontier_terms=0
2026-09-25 14:12:05.892 UTC [5895] CONTEXT:  while cleaning up index "documents_pin" of relation "pin_grouped_count_bench.documents"
2026-09-25 14:12:05.892 UTC [5895] DEBUG:  Pin compaction: retained_pages=0 written_pages=16552 reclaimed_pages=21772 reused_pages=11925
2026-09-25 14:12:05.892 UTC [5895] CONTEXT:  while cleaning up index "documents_pin" of relation "pin_grouped_count_bench.documents"
2026-09-25 14:12:08.043 UTC [5895] DEBUG:  building index "pg_toast_16433_index" on table "pg_toast_16433" serially
2026-09-25 14:12:08.043 UTC [5895] DEBUG:  index "pg_toast_16433_index" can safely use deduplication
2026-09-25 14:12:08.044 UTC [5895] DEBUG:  building index "write_gin_to_tsvector_idx" on table "write_gin" serially
2026-09-25 14:12:08.048 UTC [5895] DEBUG:  building index "pg_toast_16439_index" on table "pg_toast_16439" serially
2026-09-25 14:12:08.048 UTC [5895] DEBUG:  index "pg_toast_16439_index" can safely use deduplication
2026-09-25 14:12:08.049 UTC [5895] DEBUG:  building index "write_pin_body_idx" on table "write_pin" serially
2026-09-25 14:12:08.049 UTC [5895] DEBUG:  Pin grouped snapshot: documents=0 groups=0 written_pages=0 reclaimed_pages=0 sort_spilled=false frontier_terms=0
2026-09-25 14:12:08.066 UTC [5895] DEBUG:  Pin grouped snapshot: documents=100 groups=1 written_pages=112 reclaimed_pages=0 sort_spilled=false frontier_terms=0
2026-09-25 14:12:08.066 UTC [5895] CONTEXT:  while cleaning up index "write_pin_body_idx" of relation "pin_grouped_count_bench.write_pin"
2026-09-25 14:12:08.066 UTC [5895] DEBUG:  Pin compaction: retained_pages=0 written_pages=117 reclaimed_pages=5 reused_pages=5
2026-09-25 14:12:08.066 UTC [5895] CONTEXT:  while cleaning up index "write_pin_body_idx" of relation "pin_grouped_count_bench.write_pin"
2026-09-25 14:14:17.816 UTC [5863] LOG:  received fast shutdown request
2026-09-25 14:14:17.816 UTC [5863] LOG:  aborting any active transactions
2026-09-25 14:14:17.816 UTC [5863] DEBUG:  updating PMState from PM_RUN to PM_STOP_BACKENDS
2026-09-25 14:14:17.816 UTC [5863] DEBUG:  updating PMState from PM_STOP_BACKENDS to PM_WAIT_BACKENDS
2026-09-25 14:14:17.816 UTC [5871] DEBUG:  logical replication launcher shutting down
2026-09-25 14:14:17.818 UTC [5863] LOG:  background worker "logical replication launcher" (PID 5871) exited with exit code 1
2026-09-25 14:14:17.822 UTC [5863] DEBUG:  updating PMState from PM_WAIT_BACKENDS to PM_WAIT_XLOG_SHUTDOWN
2026-09-25 14:14:17.828 UTC [5867] DEBUG:  checkpoint sync: number=1 file=base/5/2619 time=0.022 ms
2026-09-25 14:14:17.828 UTC [5867] DEBUG:  checkpoint sync: number=2 file=base/5/1249 time=0.002 ms
2026-09-25 14:14:17.828 UTC [5867] DEBUG:  checkpoint sync: number=3 file=base/5/2662 time=0.002 ms
2026-09-25 14:14:17.828 UTC [5867] DEBUG:  checkpoint sync: number=4 file=base/5/16443 time=0.001 ms
2026-09-25 14:14:17.828 UTC [5867] DEBUG:  checkpoint sync: number=5 file=base/5/2840_vm time=0.002 ms
2026-09-25 14:14:17.828 UTC [5867] DEBUG:  checkpoint sync: number=6 file=base/5/16428 time=0.002 ms
2026-09-25 14:14:17.828 UTC [5867] DEBUG:  checkpoint sync: number=7 file=base/5/16439_vm time=0.002 ms
2026-09-25 14:14:17.828 UTC [5867] DEBUG:  checkpoint sync: number=8 file=base/5/16427 time=0.002 ms
2026-09-25 14:14:17.828 UTC [5867] DEBUG:  checkpoint sync: number=9 file=base/5/16438 time=0.001 ms
2026-09-25 14:14:17.828 UTC [5867] DEBUG:  checkpoint sync: number=10 file=base/5/16423 time=0.002 ms
2026-09-25 14:14:17.828 UTC [5867] DEBUG:  checkpoint sync: number=11 file=base/5/2674 time=0.002 ms
2026-09-25 14:14:17.828 UTC [5867] DEBUG:  checkpoint sync: number=12 file=base/5/16444 time=0.001 ms
2026-09-25 14:14:17.828 UTC [5867] DEBUG:  checkpoint sync: number=13 file=base/5/16433_fsm time=0.001 ms
2026-09-25 14:14:17.828 UTC [5867] DEBUG:  checkpoint sync: number=14 file=base/5/2608 time=0.002 ms
2026-09-25 14:14:17.828 UTC [5867] DEBUG:  checkpoint sync: number=15 file=base/5/16429 time=0.000 ms
2026-09-25 14:14:17.828 UTC [5867] DEBUG:  checkpoint sync: number=16 file=base/5/2685 time=0.001 ms
2026-09-25 14:14:17.828 UTC [5867] DEBUG:  checkpoint sync: number=17 file=base/5/1247 time=0.001 ms
2026-09-25 14:14:17.828 UTC [5867] DEBUG:  checkpoint sync: number=18 file=base/5/16439_fsm time=0.002 ms
2026-09-25 14:14:17.828 UTC [5867] DEBUG:  checkpoint sync: number=19 file=base/5/2841 time=0.002 ms
2026-09-25 14:14:17.828 UTC [5867] DEBUG:  checkpoint sync: number=20 file=base/5/2658 time=0.002 ms
2026-09-25 14:14:17.828 UTC [5867] DEBUG:  checkpoint sync: number=21 file=base/5/16437 time=0.002 ms
2026-09-25 14:14:17.828 UTC [5867] DEBUG:  checkpoint sync: number=22 file=base/5/16430 time=0.001 ms
2026-09-25 14:14:17.828 UTC [5867] DEBUG:  checkpoint sync: number=23 file=base/5/16423_vm time=0.001 ms
2026-09-25 14:14:17.828 UTC [5867] DEBUG:  checkpoint sync: number=24 file=base/5/1259 time=0.002 ms
2026-09-25 14:14:17.828 UTC [5867] DEBUG:  checkpoint sync: number=25 file=base/5/2704 time=0.002 ms
2026-09-25 14:14:17.828 UTC [5867] DEBUG:  checkpoint sync: number=26 file=base/5/2615 time=0.001 ms
2026-09-25 14:14:17.828 UTC [5867] DEBUG:  checkpoint sync: number=27 file=base/5/2840 time=0.002 ms
2026-09-25 14:14:17.828 UTC [5867] DEBUG:  checkpoint sync: number=28 file=base/5/2659 time=0.002 ms
2026-09-25 14:14:17.828 UTC [5867] DEBUG:  checkpoint sync: number=29 file=base/5/16439 time=0.002 ms
2026-09-25 14:14:17.828 UTC [5867] DEBUG:  checkpoint sync: number=30 file=pg_xact/0000 time=0.004 ms
2026-09-25 14:14:17.828 UTC [5867] DEBUG:  checkpoint sync: number=31 file=pg_multixact/offsets/0000 time=0.002 ms
2026-09-25 14:14:17.828 UTC [5867] DEBUG:  checkpoint sync: number=32 file=base/5/2673 time=0.002 ms
2026-09-25 14:14:17.828 UTC [5867] DEBUG:  checkpoint sync: number=33 file=base/5/2610_fsm time=0.001 ms
2026-09-25 14:14:17.828 UTC [5867] DEBUG:  checkpoint sync: number=34 file=base/5/16438_fsm time=0.002 ms
2026-09-25 14:14:17.828 UTC [5867] DEBUG:  checkpoint sync: number=35 file=base/5/1255 time=0.001 ms
2026-09-25 14:14:17.828 UTC [5867] DEBUG:  checkpoint sync: number=36 file=base/5/2679 time=0.002 ms
2026-09-25 14:14:17.828 UTC [5867] DEBUG:  checkpoint sync: number=37 file=base/5/16430_fsm time=0.001 ms
2026-09-25 14:14:17.828 UTC [5867] DEBUG:  checkpoint sync: number=38 file=base/5/2663 time=0.001 ms
2026-09-25 14:14:17.828 UTC [5867] DEBUG:  checkpoint sync: number=39 file=base/5/16433 time=0.001 ms
2026-09-25 14:14:17.828 UTC [5867] DEBUG:  checkpoint sync: number=40 file=base/5/16423_fsm time=0.001 ms
2026-09-25 14:14:17.828 UTC [5867] DEBUG:  checkpoint sync: number=41 file=base/5/2696 time=0.001 ms
2026-09-25 14:14:17.828 UTC [5867] DEBUG:  checkpoint sync: number=42 file=base/5/2684 time=0.001 ms
2026-09-25 14:14:17.828 UTC [5867] DEBUG:  checkpoint sync: number=43 file=base/5/2840_fsm time=0.001 ms
2026-09-25 14:14:17.828 UTC [5867] DEBUG:  checkpoint sync: number=44 file=base/5/2604 time=0.004 ms
2026-09-25 14:14:17.828 UTC [5867] DEBUG:  checkpoint sync: number=45 file=base/5/2678 time=0.002 ms
2026-09-25 14:14:17.828 UTC [5867] DEBUG:  checkpoint sync: number=46 file=base/5/3455 time=0.001 ms
2026-09-25 14:14:17.828 UTC [5867] DEBUG:  checkpoint sync: number=47 file=base/5/2610 time=0.001 ms
2026-09-25 14:14:17.828 UTC [5867] DEBUG:  checkpoint sync: number=48 file=base/5/2657 time=0.001 ms
2026-09-25 14:14:17.828 UTC [5867] DEBUG:  checkpoint sync: number=49 file=base/5/2656 time=0.001 ms
2026-09-25 14:14:17.828 UTC [5867] DEBUG:  checkpoint sync: number=50 file=base/5/2610_vm time=0.001 ms
2026-09-25 14:14:17.828 UTC [5867] DEBUG:  checkpoint sync: number=51 file=base/5/16433_vm time=0.001 ms
2026-09-25 14:14:17.828 UTC [5867] DEBUG:  checkpoint sync: number=52 file=base/5/2703 time=0.002 ms
2026-09-25 14:14:17.828 UTC [5867] DEBUG:  checkpoint sync: number=53 file=base/5/16436 time=0.002 ms
2026-09-25 14:14:17.828 UTC [5867] DEBUG:  checkpoint sync: number=54 file=base/5/2619_vm time=0.001 ms
2026-09-25 14:14:17.828 UTC [5867] DEBUG:  checkpoint sync: number=55 file=base/5/16442 time=0.002 ms
2026-09-25 14:14:17.829 UTC [5867] LOG:  checkpoint complete: wrote 7279 buffers (44.4%), wrote 3 SLRU buffers; 0 WAL file(s) added, 0 removed, 7 recycled; write=166.900 s, sync=0.001 s, total=166.900 s; sync files=55, longest=0.001 s, average=0.001 s; distance=118375 kB, estimate=118375 kB; lsn=0/9A319F0, redo lsn=0/9906FB8
2026-09-25 14:14:17.829 UTC [5867] LOG:  shutting down
2026-09-25 14:14:17.829 UTC [5867] LOG:  checkpoint starting: shutdown immediate
2026-09-25 14:14:17.829 UTC [5867] DEBUG:  performing replication slot checkpoint
2026-09-25 14:14:17.844 UTC [5867] DEBUG:  checkpoint sync: number=1 file=base/5/2619 time=0.003 ms
2026-09-25 14:14:17.844 UTC [5867] DEBUG:  checkpoint sync: number=2 file=base/5/1249 time=0.001 ms
2026-09-25 14:14:17.844 UTC [5867] DEBUG:  checkpoint sync: number=3 file=base/5/2662 time=0.001 ms
2026-09-25 14:14:17.844 UTC [5867] DEBUG:  checkpoint sync: number=4 file=base/5/16439_vm time=0.000 ms
2026-09-25 14:14:17.844 UTC [5867] DEBUG:  checkpoint sync: number=5 file=base/5/16438 time=0.001 ms
2026-09-25 14:14:17.844 UTC [5867] DEBUG:  checkpoint sync: number=6 file=base/5/2674 time=0.000 ms
2026-09-25 14:14:17.844 UTC [5867] DEBUG:  checkpoint sync: number=7 file=base/5/16444 time=0.000 ms
2026-09-25 14:14:17.844 UTC [5867] DEBUG:  checkpoint sync: number=8 file=base/5/16433_fsm time=0.000 ms
2026-09-25 14:14:17.844 UTC [5867] DEBUG:  checkpoint sync: number=9 file=base/5/2608 time=0.001 ms
2026-09-25 14:14:17.844 UTC [5867] DEBUG:  checkpoint sync: number=10 file=base/5/16429 time=0.000 ms
2026-09-25 14:14:17.844 UTC [5867] DEBUG:  checkpoint sync: number=11 file=base/5/1247 time=0.001 ms
2026-09-25 14:14:17.844 UTC [5867] DEBUG:  checkpoint sync: number=12 file=base/5/16439_fsm time=0.000 ms
2026-09-25 14:14:17.844 UTC [5867] DEBUG:  checkpoint sync: number=13 file=base/5/2841 time=0.001 ms
2026-09-25 14:14:17.844 UTC [5867] DEBUG:  checkpoint sync: number=14 file=base/5/2658 time=0.000 ms
2026-09-25 14:14:17.844 UTC [5867] DEBUG:  checkpoint sync: number=15 file=base/5/16430 time=0.000 ms
2026-09-25 14:14:17.844 UTC [5867] DEBUG:  checkpoint sync: number=16 file=base/5/1259 time=0.000 ms
2026-09-25 14:14:17.844 UTC [5867] DEBUG:  checkpoint sync: number=17 file=base/5/1249_fsm time=0.000 ms
2026-09-25 14:14:17.844 UTC [5867] DEBUG:  checkpoint sync: number=18 file=base/5/2704 time=0.001 ms
2026-09-25 14:14:17.844 UTC [5867] DEBUG:  checkpoint sync: number=19 file=base/5/2840 time=0.000 ms
2026-09-25 14:14:17.844 UTC [5867] DEBUG:  checkpoint sync: number=20 file=base/5/2659 time=0.001 ms
2026-09-25 14:14:17.844 UTC [5867] DEBUG:  checkpoint sync: number=21 file=base/5/16439 time=0.000 ms
2026-09-25 14:14:17.844 UTC [5867] DEBUG:  checkpoint sync: number=22 file=pg_xact/0000 time=0.010 ms
2026-09-25 14:14:17.844 UTC [5867] DEBUG:  checkpoint sync: number=23 file=base/5/2610_fsm time=0.001 ms
2026-09-25 14:14:17.844 UTC [5867] DEBUG:  checkpoint sync: number=24 file=base/5/2673 time=0.000 ms
2026-09-25 14:14:17.844 UTC [5867] DEBUG:  checkpoint sync: number=25 file=base/5/16438_fsm time=0.000 ms
2026-09-25 14:14:17.844 UTC [5867] DEBUG:  checkpoint sync: number=26 file=base/5/2679 time=0.001 ms
2026-09-25 14:14:17.844 UTC [5867] DEBUG:  checkpoint sync: number=27 file=base/5/16430_fsm time=0.000 ms
2026-09-25 14:14:17.844 UTC [5867] DEBUG:  checkpoint sync: number=28 file=base/5/2663 time=0.000 ms
2026-09-25 14:14:17.844 UTC [5867] DEBUG:  checkpoint sync: number=29 file=base/5/16433 time=0.000 ms
2026-09-25 14:14:17.844 UTC [5867] DEBUG:  checkpoint sync: number=30 file=base/5/2678 time=0.001 ms
2026-09-25 14:14:17.844 UTC [5867] DEBUG:  checkpoint sync: number=31 file=base/5/3455 time=0.000 ms
2026-09-25 14:14:17.844 UTC [5867] DEBUG:  checkpoint sync: number=32 file=base/5/2610 time=0.000 ms
2026-09-25 14:14:17.844 UTC [5867] DEBUG:  checkpoint sync: number=33 file=base/5/16433_vm time=0.000 ms
2026-09-25 14:14:17.844 UTC [5867] DEBUG:  checkpoint sync: number=34 file=base/5/2703 time=0.000 ms
2026-09-25 14:14:17.844 UTC [5867] LOG:  checkpoint complete: wrote 3894 buffers (23.8%), wrote 1 SLRU buffers; 0 WAL file(s) added, 0 removed, 0 recycled; write=0.016 s, sync=0.001 s, total=0.016 s; sync files=34, longest=0.001 s, average=0.000 s; distance=1194 kB, estimate=106657 kB; lsn=0/9A31A68, redo lsn=0/9A31A68
2026-09-25 14:14:17.844 UTC [5863] DEBUG:  updating PMState from PM_WAIT_XLOG_SHUTDOWN to PM_WAIT_XLOG_ARCHIVAL
2026-09-25 14:14:17.844 UTC [5863] DEBUG:  updating PMState from PM_WAIT_XLOG_ARCHIVAL to PM_WAIT_IO_WORKERS
2026-09-25 14:14:17.847 UTC [5863] DEBUG:  updating PMState from PM_WAIT_IO_WORKERS to PM_WAIT_CHECKPOINTER
2026-09-25 14:14:17.851 UTC [5863] DEBUG:  updating PMState from PM_WAIT_CHECKPOINTER to PM_WAIT_DEAD_END
2026-09-25 14:14:17.851 UTC [5863] DEBUG:  updating PMState from PM_WAIT_DEAD_END to PM_NO_CHILDREN
2026-09-25 14:14:17.866 UTC [5863] LOG:  database system is shut down
2026-09-25 14:14:17.947 UTC [7597] DEBUG:  registering background worker "logical replication launcher"
2026-09-25 14:14:17.947 UTC [7597] DEBUG:  loaded library "/tmp/pin-pr25-native/lib/pin"
2026-09-25 14:14:17.947 UTC [7597] DEBUG:  mmap(157286400) with MAP_HUGETLB failed, huge pages disabled: Cannot allocate memory
2026-09-25 14:14:17.955 UTC [7597] LOG:  starting PostgreSQL 18.6 (Ubuntu 18.6-0ubuntu0.26.04.1) on x86_64-pc-linux-gnu, compiled by gcc (Ubuntu 15.2.0-16ubuntu1) 15.2.0, 64-bit
2026-09-25 14:14:17.955 UTC [7597] LOG:  listening on Unix socket "/tmp/pin-pr25-native/socket/.s.PGSQL.55491"
2026-09-25 14:14:17.955 UTC [7597] DEBUG:  updating PMState from PM_INIT to PM_STARTUP
2026-09-25 14:14:17.958 UTC [7603] LOG:  database system was shut down at 2026-09-25 14:14:17 UTC
2026-09-25 14:14:17.958 UTC [7603] DEBUG:  checkpoint record is at 0/9A31A68
2026-09-25 14:14:17.958 UTC [7603] DEBUG:  redo record is at 0/9A31A68; shutdown true
2026-09-25 14:14:17.958 UTC [7603] DEBUG:  next transaction ID: 786; next OID: 16445
2026-09-25 14:14:17.958 UTC [7603] DEBUG:  next MultiXactId: 1; next MultiXactOffset: 0
2026-09-25 14:14:17.958 UTC [7603] DEBUG:  oldest unfrozen transaction ID: 744, in database 1
2026-09-25 14:14:17.958 UTC [7603] DEBUG:  oldest MultiXactId: 1, in database 1
2026-09-25 14:14:17.958 UTC [7603] DEBUG:  commit timestamp Xid oldest/newest: 0/0
2026-09-25 14:14:17.958 UTC [7603] DEBUG:  transaction ID wrap limit is 2147484391, limited by database with OID 1
2026-09-25 14:14:17.958 UTC [7603] DEBUG:  MultiXactId wrap limit is 2147483648, limited by database with OID 1
2026-09-25 14:14:17.958 UTC [7603] DEBUG:  starting up replication slots
2026-09-25 14:14:17.958 UTC [7603] DEBUG:  xmin required by slots: data 0, catalog 0
2026-09-25 14:14:17.959 UTC [7603] DEBUG:  MultiXactId wrap limit is 2147483648, limited by database with OID 1
2026-09-25 14:14:17.959 UTC [7603] DEBUG:  MultiXact member stop limit is now 4294914944 based on MultiXact 1
2026-09-25 14:14:17.960 UTC [7597] DEBUG:  updating PMState from PM_STARTUP to PM_RUN
2026-09-25 14:14:17.960 UTC [7597] LOG:  database system is ready to accept connections
2026-09-25 14:14:17.960 UTC [7597] DEBUG:  starting background worker process "logical replication launcher"
2026-09-25 14:14:17.961 UTC [7605] DEBUG:  logical replication launcher started
2026-09-25 14:14:25.919 UTC [7621] DEBUG:  executing extension script for "pin" version '0.0.0'
2026-09-25 14:14:25.930 UTC [7622] DEBUG:  building index "pg_toast_16470_index" on table "pg_toast_16470" serially
2026-09-25 14:14:25.930 UTC [7622] DEBUG:  index "pg_toast_16470_index" can safely use deduplication
2026-09-25 14:14:25.931 UTC [7622] DEBUG:  CREATE TABLE / PRIMARY KEY will create implicit index "g10_docs_pkey" for table "g10_docs"
2026-09-25 14:14:25.931 UTC [7622] DEBUG:  building index "g10_docs_pkey" on table "g10_docs" serially
2026-09-25 14:14:25.931 UTC [7622] DEBUG:  index "g10_docs_pkey" can safely use deduplication
2026-09-25 14:14:25.934 UTC [7622] DEBUG:  building index "g10_docs_pin" on table "g10_docs" serially
2026-09-25 14:14:26.020 UTC [7622] DEBUG:  Pin grouped snapshot: documents=1200 groups=1 written_pages=8 reclaimed_pages=0 sort_spilled=false frontier_terms=0
2026-09-25 14:14:26.021 UTC [7622] DEBUG:  building index "g10_docs_gin" on table "g10_docs" serially
2026-09-25 14:14:26.100 UTC [7622] DEBUG:  Pin grouped delta: documents=512 groups=1 written_pages=8 reclaimed_pages=0 sort_spilled=false
2026-09-25 14:14:26.187 UTC [7622] DEBUG:  Pin grouped delta: documents=1024 groups=1 written_pages=9 reclaimed_pages=8 sort_spilled=false
2026-09-25 14:14:26.264 UTC [7622] DEBUG:  Pin grouped snapshot: documents=2206 groups=1 written_pages=12 reclaimed_pages=17 sort_spilled=false frontier_terms=0
2026-09-25 14:14:26.264 UTC [7622] CONTEXT:  while cleaning up index "g10_docs_pin" of relation "public.g10_docs"
2026-09-25 14:14:26.264 UTC [7622] DEBUG:  Pin compaction: retained_pages=0 written_pages=17 reclaimed_pages=30 reused_pages=17
2026-09-25 14:14:26.264 UTC [7622] CONTEXT:  while cleaning up index "g10_docs_pin" of relation "public.g10_docs"
2026-09-25 14:14:26.317 UTC [7622] DEBUG:  building index "g10_docs_pin" on table "g10_docs" serially
2026-09-25 14:14:26.483 UTC [7622] DEBUG:  Pin grouped snapshot: documents=2207 groups=1 written_pages=12 reclaimed_pages=0 sort_spilled=false frontier_terms=0
2026-09-25 14:14:33.898 UTC [7636] DEBUG:  building index "pg_toast_16485_index" on table "pg_toast_16485" serially
2026-09-25 14:14:33.898 UTC [7636] DEBUG:  index "pg_toast_16485_index" can safely use deduplication
2026-09-25 14:14:33.979 UTC [7636] DEBUG:  building index "documents_pin" on table "documents" serially
2026-09-25 14:14:37.075 UTC [7636] DEBUG:  Pin grouped snapshot: documents=20000 groups=3 written_pages=155 reclaimed_pages=0 sort_spilled=false frontier_terms=0
2026-09-25 14:14:37.079 UTC [7636] DEBUG:  building index "documents_gin" on table "documents" serially
2026-09-25 14:14:37.802 UTC [7636] DEBUG:  Pin compaction: retained_pages=0 written_pages=4132 reclaimed_pages=4284 reused_pages=4124
2026-09-25 14:14:37.802 UTC [7636] CONTEXT:  while cleaning up index "documents_pin" of relation "pin_grouped_count_bench.documents"
2026-09-25 14:14:41.379 UTC [7636] DEBUG:  Pin grouped delta: documents=512 groups=1 written_pages=15 reclaimed_pages=0 sort_spilled=false
2026-09-25 14:14:41.503 UTC [7636] DEBUG:  Pin grouped delta: documents=1024 groups=1 written_pages=22 reclaimed_pages=15 sort_spilled=false
2026-09-25 14:14:41.603 UTC [7636] DEBUG:  Pin grouped delta: documents=512 groups=1 written_pages=15 reclaimed_pages=0 sort_spilled=false
2026-09-25 14:14:41.747 UTC [7636] DEBUG:  Pin grouped delta: documents=2048 groups=1 written_pages=34 reclaimed_pages=37 sort_spilled=false
2026-09-25 14:14:41.850 UTC [7636] DEBUG:  Pin grouped delta: documents=512 groups=1 written_pages=15 reclaimed_pages=0 sort_spilled=false
2026-09-25 14:14:41.989 UTC [7636] DEBUG:  Pin grouped delta: documents=1024 groups=1 written_pages=22 reclaimed_pages=15 sort_spilled=false
2026-09-25 14:14:42.090 UTC [7636] DEBUG:  Pin grouped delta: documents=512 groups=1 written_pages=15 reclaimed_pages=0 sort_spilled=false
2026-09-25 14:14:42.292 UTC [7636] DEBUG:  Pin grouped delta: documents=4096 groups=1 written_pages=58 reclaimed_pages=71 sort_spilled=false
2026-09-25 14:14:47.790 UTC [7636] DEBUG:  Pin grouped snapshot: documents=23871 groups=3 written_pages=194 reclaimed_pages=213 sort_spilled=false frontier_terms=0
2026-09-25 14:14:47.790 UTC [7636] CONTEXT:  while cleaning up index "documents_pin" of relation "pin_grouped_count_bench.documents"
2026-09-25 14:14:47.790 UTC [7636] DEBUG:  Pin compaction: retained_pages=0 written_pages=4331 reclaimed_pages=8482 reused_pages=4331
2026-09-25 14:14:47.790 UTC [7636] CONTEXT:  while cleaning up index "documents_pin" of relation "pin_grouped_count_bench.documents"
2026-09-25 14:14:49.845 UTC [7636] DEBUG:  building index "pg_toast_16495_index" on table "pg_toast_16495" serially
2026-09-25 14:14:49.845 UTC [7636] DEBUG:  index "pg_toast_16495_index" can safely use deduplication
2026-09-25 14:14:49.845 UTC [7636] DEBUG:  building index "write_gin_to_tsvector_idx" on table "write_gin" serially
2026-09-25 14:14:49.851 UTC [7636] DEBUG:  building index "pg_toast_16501_index" on table "pg_toast_16501" serially
2026-09-25 14:14:49.851 UTC [7636] DEBUG:  index "pg_toast_16501_index" can safely use deduplication
2026-09-25 14:14:49.851 UTC [7636] DEBUG:  building index "write_pin_body_idx" on table "write_pin" serially
2026-09-25 14:14:49.852 UTC [7636] DEBUG:  Pin grouped snapshot: documents=0 groups=0 written_pages=0 reclaimed_pages=0 sort_spilled=false frontier_terms=0
2026-09-25 14:14:49.867 UTC [7636] DEBUG:  Pin grouped snapshot: documents=100 groups=1 written_pages=10 reclaimed_pages=0 sort_spilled=false frontier_terms=0
2026-09-25 14:14:49.867 UTC [7636] CONTEXT:  while cleaning up index "write_pin_body_idx" of relation "pin_grouped_count_bench.write_pin"
2026-09-25 14:14:49.867 UTC [7636] DEBUG:  Pin compaction: retained_pages=0 written_pages=15 reclaimed_pages=5 reused_pages=5
2026-09-25 14:14:49.867 UTC [7636] CONTEXT:  while cleaning up index "write_pin_body_idx" of relation "pin_grouped_count_bench.write_pin"
2026-09-25 14:17:48.593 UTC [7597] LOG:  received fast shutdown request
2026-09-25 14:17:48.593 UTC [7597] LOG:  aborting any active transactions
2026-09-25 14:17:48.593 UTC [7597] DEBUG:  updating PMState from PM_RUN to PM_STOP_BACKENDS
2026-09-25 14:17:48.594 UTC [7605] DEBUG:  logical replication launcher shutting down
2026-09-25 14:17:48.594 UTC [7597] DEBUG:  updating PMState from PM_STOP_BACKENDS to PM_WAIT_BACKENDS
2026-09-25 14:17:48.595 UTC [7597] LOG:  background worker "logical replication launcher" (PID 7605) exited with exit code 1
2026-09-25 14:17:48.595 UTC [7597] DEBUG:  updating PMState from PM_WAIT_BACKENDS to PM_WAIT_XLOG_SHUTDOWN
2026-09-25 14:17:48.595 UTC [7601] LOG:  shutting down
2026-09-25 14:17:48.595 UTC [7601] LOG:  checkpoint starting: shutdown immediate
2026-09-25 14:17:48.595 UTC [7601] DEBUG:  performing replication slot checkpoint
2026-09-25 14:17:48.643 UTC [7601] DEBUG:  checkpoint sync: number=1 file=base/16445/16495 time=0.003 ms
2026-09-25 14:17:48.643 UTC [7601] DEBUG:  checkpoint sync: number=2 file=base/16445/3608 time=0.001 ms
2026-09-25 14:17:48.643 UTC [7601] DEBUG:  checkpoint sync: number=3 file=base/16445/2687 time=0.001 ms
2026-09-25 14:17:48.643 UTC [7601] DEBUG:  checkpoint sync: number=4 file=base/16445/4171 time=0.009 ms
2026-09-25 14:17:48.643 UTC [7601] DEBUG:  checkpoint sync: number=5 file=base/16445/3609 time=0.000 ms
2026-09-25 14:17:48.643 UTC [7601] DEBUG:  checkpoint sync: number=6 file=base/16445/16492_fsm time=0.000 ms
2026-09-25 14:17:48.643 UTC [7601] DEBUG:  checkpoint sync: number=7 file=base/16445/2650 time=0.001 ms
2026-09-25 14:17:48.643 UTC [7601] DEBUG:  checkpoint sync: number=8 file=base/16445/3766 time=0.001 ms
2026-09-25 14:17:48.643 UTC [7601] DEBUG:  checkpoint sync: number=9 file=base/16445/2228 time=0.001 ms
2026-09-25 14:17:48.643 UTC [7601] DEBUG:  checkpoint sync: number=10 file=base/16445/4169 time=0.002 ms
2026-09-25 14:17:48.643 UTC [7601] DEBUG:  checkpoint sync: number=11 file=base/16445/2691 time=0.001 ms
2026-09-25 14:17:48.643 UTC [7601] DEBUG:  checkpoint sync: number=12 file=base/16445/2602_fsm time=0.001 ms
2026-09-25 14:17:48.643 UTC [7601] DEBUG:  checkpoint sync: number=13 file=base/16445/2688 time=0.000 ms
2026-09-25 14:17:48.643 UTC [7601] DEBUG:  checkpoint sync: number=14 file=base/16445/6237 time=0.001 ms
2026-09-25 14:17:48.643 UTC [7601] DEBUG:  checkpoint sync: number=15 file=base/16445/3164 time=0.001 ms
2026-09-25 14:17:48.643 UTC [7601] DEBUG:  checkpoint sync: number=16 file=base/16445/3381 time=0.001 ms
2026-09-25 14:17:48.643 UTC [7601] DEBUG:  checkpoint sync: number=17 file=base/16445/16495_fsm time=0.000 ms
2026-09-25 14:17:48.643 UTC [7601] DEBUG:  checkpoint sync: number=18 file=base/16445/3712 time=0.001 ms
2026-09-25 14:17:48.643 UTC [7601] DEBUG:  checkpoint sync: number=19 file=base/16445/2619_fsm time=0.000 ms
2026-09-25 14:17:48.643 UTC [7601] DEBUG:  checkpoint sync: number=20 file=base/16445/2834 time=0.002 ms
2026-09-25 14:17:48.643 UTC [7601] DEBUG:  checkpoint sync: number=21 file=base/16445/1247_fsm time=0.001 ms
2026-09-25 14:17:48.643 UTC [7601] DEBUG:  checkpoint sync: number=22 file=base/16445/13519 time=0.003 ms
2026-09-25 14:17:48.643 UTC [7601] DEBUG:  checkpoint sync: number=23 file=base/16445/3602 time=0.001 ms
2026-09-25 14:17:48.643 UTC [7601] DEBUG:  checkpoint sync: number=24 file=base/16445/6112 time=0.001 ms
2026-09-25 14:17:48.643 UTC [7601] DEBUG:  checkpoint sync: number=25 file=base/16445/2701 time=0.001 ms
2026-09-25 14:17:48.643 UTC [7601] DEBUG:  checkpoint sync: number=26 file=base/16445/3767 time=0.000 ms
2026-09-25 14:17:48.643 UTC [7601] DEBUG:  checkpoint sync: number=27 file=base/16445/2618 time=0.001 ms
2026-09-25 14:17:48.643 UTC [7601] DEBUG:  checkpoint sync: number=28 file=base/16445/2668 time=0.001 ms
2026-09-25 14:17:48.643 UTC [7601] DEBUG:  checkpoint sync: number=29 file=base/16445/6113 time=0.000 ms
2026-09-25 14:17:48.643 UTC [7601] DEBUG:  checkpoint sync: number=30 file=base/16445/4147 time=0.001 ms
2026-09-25 14:17:48.643 UTC [7601] DEBUG:  checkpoint sync: number=31 file=base/16445/3534 time=0.001 ms
2026-09-25 14:17:48.643 UTC [7601] DEBUG:  checkpoint sync: number=32 file=base/16445/2606_fsm time=0.001 ms
2026-09-25 14:17:48.643 UTC [7601] DEBUG:  checkpoint sync: number=33 file=base/16445/2603_vm time=0.001 ms
2026-09-25 14:17:48.643 UTC [7601] DEBUG:  checkpoint sync: number=34 file=base/16445/16501_fsm time=0.000 ms
2026-09-25 14:17:48.643 UTC [7601] DEBUG:  checkpoint sync: number=35 file=base/16445/2600 time=0.000 ms
2026-09-25 14:17:48.643 UTC [7601] DEBUG:  checkpoint sync: number=36 file=base/16445/4144 time=0.001 ms
2026-09-25 14:17:48.643 UTC [7601] DEBUG:  checkpoint sync: number=37 file=base/16445/16506 time=0.000 ms
2026-09-25 14:17:48.643 UTC [7601] DEBUG:  checkpoint sync: number=38 file=base/16445/3079_vm time=0.000 ms
2026-09-25 14:17:48.643 UTC [7601] DEBUG:  checkpoint sync: number=39 file=base/16445/2832 time=0.002 ms
2026-09-25 14:17:48.643 UTC [7601] DEBUG:  checkpoint sync: number=40 file=base/16445/2610_fsm time=0.001 ms
2026-09-25 14:17:48.643 UTC [7601] DEBUG:  checkpoint sync: number=41 file=base/16445/4155 time=0.001 ms
2026-09-25 14:17:48.643 UTC [7601] DEBUG:  checkpoint sync: number=42 file=base/16445/3350 time=0.001 ms
2026-09-25 14:17:48.643 UTC [7601] DEBUG:  checkpoint sync: number=43 file=base/16445/2690 time=0.000 ms
2026-09-25 14:17:48.643 UTC [7601] DEBUG:  checkpoint sync: number=44 file=base/16445/13520 time=0.001 ms
2026-09-25 14:17:48.643 UTC [7601] DEBUG:  checkpoint sync: number=45 file=base/16445/2612_vm time=0.001 ms
2026-09-25 14:17:48.643 UTC [7601] DEBUG:  checkpoint sync: number=46 file=base/16445/6351 time=0.002 ms
2026-09-25 14:17:48.643 UTC [7601] DEBUG:  checkpoint sync: number=47 file=base/16445/3541_vm time=0.001 ms
2026-09-25 14:17:48.643 UTC [7601] DEBUG:  checkpoint sync: number=48 file=base/16445/2667 time=0.001 ms
2026-09-25 14:17:48.643 UTC [7601] DEBUG:  checkpoint sync: number=49 file=base/16445/2603_fsm time=0.000 ms
2026-09-25 14:17:48.643 UTC [7601] DEBUG:  checkpoint sync: number=50 file=base/16445/13521_vm time=0.001 ms
2026-09-25 14:17:48.643 UTC [7601] DEBUG:  checkpoint sync: number=51 file=base/16445/2605_fsm time=0.001 ms
2026-09-25 14:17:48.643 UTC [7601] DEBUG:  checkpoint sync: number=52 file=base/16445/3604 time=0.001 ms
2026-09-25 14:17:48.643 UTC [7601] DEBUG:  checkpoint sync: number=53 file=base/16445/3600_vm time=0.001 ms
2026-09-25 14:17:48.643 UTC [7601] DEBUG:  checkpoint sync: number=54 file=base/16445/2607 time=0.000 ms
2026-09-25 14:17:48.643 UTC [7601] DEBUG:  checkpoint sync: number=55 file=base/16445/4172 time=0.001 ms
2026-09-25 14:17:48.643 UTC [7601] DEBUG:  checkpoint sync: number=56 file=base/16445/16489 time=0.001 ms
2026-09-25 14:17:48.643 UTC [7601] DEBUG:  checkpoint sync: number=57 file=base/16445/3576 time=0.001 ms
2026-09-25 14:17:48.643 UTC [7601] DEBUG:  checkpoint sync: number=58 file=base/16445/2579 time=0.000 ms
2026-09-25 14:17:48.643 UTC [7601] DEBUG:  checkpoint sync: number=59 file=base/16445/2840_vm time=0.001 ms
2026-09-25 14:17:48.643 UTC [7601] DEBUG:  checkpoint sync: number=60 file=base/16445/1249 time=0.000 ms
2026-09-25 14:17:48.643 UTC [7601] DEBUG:  checkpoint sync: number=61 file=base/16445/16470_vm time=0.001 ms
2026-09-25 14:17:48.643 UTC [7601] DEBUG:  checkpoint sync: number=62 file=base/16445/2673 time=0.001 ms
2026-09-25 14:17:48.643 UTC [7601] DEBUG:  checkpoint sync: number=63 file=base/16445/16500_fsm time=0.001 ms
2026-09-25 14:17:48.643 UTC [7601] DEBUG:  checkpoint sync: number=64 file=base/16445/2693 time=0.001 ms
2026-09-25 14:17:48.643 UTC [7601] DEBUG:  checkpoint sync: number=65 file=base/16445/2608_vm time=0.000 ms
2026-09-25 14:17:48.643 UTC [7601] DEBUG:  checkpoint sync: number=66 file=base/16445/549 time=0.001 ms
2026-09-25 14:17:48.643 UTC [7601] DEBUG:  checkpoint sync: number=67 file=base/16445/2617_fsm time=0.000 ms
2026-09-25 14:17:48.643 UTC [7601] DEBUG:  checkpoint sync: number=68 file=base/16445/4154 time=0.001 ms
2026-09-25 14:17:48.643 UTC [7601] DEBUG:  checkpoint sync: number=69 file=base/16445/2660 time=0.000 ms
2026-09-25 14:17:48.643 UTC [7601] DEBUG:  checkpoint sync: number=70 file=base/16445/1255_fsm time=0.001 ms
2026-09-25 14:17:48.643 UTC [7601] DEBUG:  checkpoint sync: number=71 file=base/16445/2611 time=0.002 ms
2026-09-25 14:17:48.643 UTC [7601] DEBUG:  checkpoint sync: number=72 file=base/16445/2662 time=0.000 ms
2026-09-25 14:17:48.643 UTC [7601] DEBUG:  checkpoint sync: number=73 file=base/16445/5002 time=0.000 ms
2026-09-25 14:17:48.643 UTC [7601] DEBUG:  checkpoint sync: number=74 file=base/16445/16481_fsm time=0.001 ms
2026-09-25 14:17:48.643 UTC [7601] DEBUG:  checkpoint sync: number=75 file=base/16445/3764_fsm time=0.000 ms
2026-09-25 14:17:48.643 UTC [7601] DEBUG:  checkpoint sync: number=76 file=base/16445/2601_vm time=0.000 ms
2026-09-25 14:17:48.643 UTC [7601] DEBUG:  checkpoint sync: number=77 file=base/16445/3429 time=0.001 ms
2026-09-25 14:17:48.643 UTC [7601] DEBUG:  checkpoint sync: number=78 file=base/16445/3600 time=0.000 ms
2026-09-25 14:17:48.643 UTC [7601] DEBUG:  checkpoint sync: number=79 file=base/16445/3079_fsm time=0.000 ms
2026-09-25 14:17:48.643 UTC [7601] DEBUG:  checkpoint sync: number=80 file=base/16445/2616_fsm time=0.001 ms
2026-09-25 14:17:48.643 UTC [7601] DEBUG:  checkpoint sync: number=81 file=base/16445/2608 time=0.000 ms
2026-09-25 14:17:48.643 UTC [7601] DEBUG:  checkpoint sync: number=82 file=base/16445/13529 time=0.002 ms
2026-09-25 14:17:48.643 UTC [7601] DEBUG:  checkpoint sync: number=83 file=base/16445/2756 time=0.001 ms
2026-09-25 14:17:48.643 UTC [7601] DEBUG:  checkpoint sync: number=84 file=base/16445/2682 time=0.000 ms
2026-09-25 14:17:48.643 UTC [7601] DEBUG:  checkpoint sync: number=85 file=base/16445/2692 time=0.000 ms
2026-09-25 14:17:48.643 UTC [7601] DEBUG:  checkpoint sync: number=86 file=base/16445/2608_fsm time=0.000 ms
2026-09-25 14:17:48.643 UTC [7601] DEBUG:  checkpoint sync: number=87 file=base/16445/3455 time=0.001 ms
2026-09-25 14:17:48.643 UTC [7601] DEBUG:  checkpoint sync: number=88 file=base/16445/3601 time=0.000 ms
2026-09-25 14:17:48.643 UTC [7601] DEBUG:  checkpoint sync: number=89 file=base/16445/1247_vm time=0.000 ms
2026-09-25 14:17:48.643 UTC [7601] DEBUG:  checkpoint sync: number=90 file=base/16445/2615_fsm time=0.000 ms
2026-09-25 14:17:48.643 UTC [7601] DEBUG:  checkpoint sync: number=91 file=base/16445/2605 time=0.000 ms
2026-09-25 14:17:48.643 UTC [7601] DEBUG:  checkpoint sync: number=92 file=base/16445/3596 time=0.001 ms
2026-09-25 14:17:48.643 UTC [7601] DEBUG:  checkpoint sync: number=93 file=base/16445/3467 time=0.001 ms
2026-09-25 14:17:48.643 UTC [7601] DEBUG:  checkpoint sync: number=94 file=base/16445/4150 time=0.001 ms
2026-09-25 14:17:48.643 UTC [7601] DEBUG:  checkpoint sync: number=95 file=base/16445/13516_fsm time=0.001 ms
2026-09-25 14:17:48.643 UTC [7601] DEBUG:  checkpoint sync: number=96 file=base/16445/2609_vm time=0.001 ms
2026-09-25 14:17:48.643 UTC [7601] DEBUG:  checkpoint sync: number=97 file=base/16445/13526_fsm time=0.001 ms
2026-09-25 14:17:48.643 UTC [7601] DEBUG:  checkpoint sync: number=98 file=base/16445/2703 time=0.001 ms
2026-09-25 14:17:48.643 UTC [7601] DEBUG:  checkpoint sync: number=99 file=base/16445/3503 time=0.000 ms
2026-09-25 14:17:48.643 UTC [7601] DEBUG:  checkpoint sync: number=100 file=base/16445/4173 time=0.001 ms
2026-09-25 14:17:48.643 UTC [7601] DEBUG:  checkpoint sync: number=101 file=base/16445/3575 time=0.000 ms
2026-09-25 14:17:48.643 UTC [7601] DEBUG:  checkpoint sync: number=102 file=base/16445/13525 time=0.000 ms
2026-09-25 14:17:48.643 UTC [7601] DEBUG:  checkpoint sync: number=103 file=base/16445/2336 time=0.001 ms
2026-09-25 14:17:48.643 UTC [7601] DEBUG:  checkpoint sync: number=104 file=base/16445/2833 time=0.000 ms
2026-09-25 14:17:48.643 UTC [7601] DEBUG:  checkpoint sync: number=105 file=base/16445/3501 time=0.001 ms
2026-09-25 14:17:48.643 UTC [7601] DEBUG:  checkpoint sync: number=106 file=base/16445/2657 time=0.001 ms
2026-09-25 14:17:48.643 UTC [7601] DEBUG:  checkpoint sync: number=107 file=base/16445/2654 time=0.000 ms
2026-09-25 14:17:48.643 UTC [7601] DEBUG:  checkpoint sync: number=108 file=base/16445/4153 time=0.001 ms
2026-09-25 14:17:48.643 UTC [7601] DEBUG:  checkpoint sync: number=109 file=base/16445/16481 time=0.000 ms
2026-09-25 14:17:48.643 UTC [7601] DEBUG:  checkpoint sync: number=110 file=base/16445/2652 time=0.000 ms
2026-09-25 14:17:48.643 UTC [7601] DEBUG:  checkpoint sync: number=111 file=base/16445/13524 time=0.002 ms
2026-09-25 14:17:48.643 UTC [7601] DEBUG:  checkpoint sync: number=112 file=base/16445/6102 time=0.002 ms
2026-09-25 14:17:48.643 UTC [7601] DEBUG:  checkpoint sync: number=113 file=base/16445/2836_vm time=0.007 ms
2026-09-25 14:17:48.643 UTC [7601] DEBUG:  checkpoint sync: number=114 file=base/16445/2617_vm time=0.000 ms
2026-09-25 14:17:48.643 UTC [7601] DEBUG:  checkpoint sync: number=115 file=base/16445/16485_fsm time=0.000 ms
2026-09-25 14:17:48.643 UTC [7601] DEBUG:  checkpoint sync: number=116 file=base/16445/2837 time=0.000 ms
2026-09-25 14:17:48.643 UTC [7601] DEBUG:  checkpoint sync: number=117 file=base/16445/2830 time=0.001 ms
2026-09-25 14:17:48.643 UTC [7601] DEBUG:  checkpoint sync: number=118 file=base/16445/2678 time=0.000 ms
2026-09-25 14:17:48.643 UTC [7601] DEBUG:  checkpoint sync: number=119 file=base/16445/1255 time=0.000 ms
2026-09-25 14:17:48.643 UTC [7601] DEBUG:  checkpoint sync: number=120 file=base/16445/3439 time=0.002 ms
2026-09-25 14:17:48.643 UTC [7601] DEBUG:  checkpoint sync: number=121 file=base/16445/6117 time=0.001 ms
2026-09-25 14:17:48.643 UTC [7601] DEBUG:  checkpoint sync: number=122 file=base/16445/2602 time=0.000 ms
2026-09-25 14:17:48.643 UTC [7601] DEBUG:  checkpoint sync: number=123 file=base/16445/3541 time=0.000 ms
2026-09-25 14:17:48.643 UTC [7601] DEBUG:  checkpoint sync: number=124 file=base/16445/2612_fsm time=0.000 ms
2026-09-25 14:17:48.643 UTC [7601] DEBUG:  checkpoint sync: number=125 file=base/16445/3433 time=0.001 ms
2026-09-25 14:17:48.643 UTC [7601] DEBUG:  checkpoint sync: number=126 file=base/16445/2836 time=0.000 ms
2026-09-25 14:17:48.643 UTC [7601] DEBUG:  checkpoint sync: number=127 file=base/16445/2665 time=0.000 ms
2026-09-25 14:17:48.643 UTC [7601] DEBUG:  checkpoint sync: number=128 file=base/16445/2653 time=0.000 ms
2026-09-25 14:17:48.643 UTC [7601] DEBUG:  checkpoint sync: number=129 file=base/16445/2996 time=0.000 ms
2026-09-25 14:17:48.643 UTC [7601] DEBUG:  checkpoint sync: number=130 file=base/16445/2617 time=0.000 ms
2026-09-25 14:17:48.643 UTC [7601] DEBUG:  checkpoint sync: number=131 file=base/16445/2615 time=0.000 ms
2026-09-25 14:17:48.643 UTC [7601] DEBUG:  checkpoint sync: number=132 file=base/16445/4149 time=0.001 ms
2026-09-25 14:17:48.643 UTC [7601] DEBUG:  checkpoint sync: number=133 file=base/16445/3119 time=0.000 ms
2026-09-25 14:17:48.643 UTC [7601] DEBUG:  checkpoint sync: number=134 file=base/16445/2704 time=0.000 ms
2026-09-25 14:17:48.643 UTC [7601] DEBUG:  checkpoint sync: number=135 file=base/16445/2753_vm time=0.001 ms
2026-09-25 14:17:48.643 UTC [7601] DEBUG:  checkpoint sync: number=136 file=base/16445/2619_vm time=0.000 ms
2026-09-25 14:17:48.643 UTC [7601] DEBUG:  checkpoint sync: number=137 file=base/16445/3258 time=0.000 ms
2026-09-25 14:17:48.643 UTC [7601] DEBUG:  checkpoint sync: number=138 file=base/16445/2603 time=0.000 ms
2026-09-25 14:17:48.643 UTC [7601] DEBUG:  checkpoint sync: number=139 file=base/16445/16477 time=0.001 ms
2026-09-25 14:17:48.643 UTC [7601] DEBUG:  checkpoint sync: number=140 file=global/2672 time=0.000 ms
2026-09-25 14:17:48.643 UTC [7601] DEBUG:  checkpoint sync: number=141 file=base/16445/3602_fsm time=0.000 ms
2026-09-25 14:17:48.643 UTC [7601] DEBUG:  checkpoint sync: number=142 file=base/16445/2835 time=0.000 ms
2026-09-25 14:17:48.643 UTC [7601] DEBUG:  checkpoint sync: number=143 file=base/16445/2684 time=0.000 ms
2026-09-25 14:17:48.643 UTC [7601] DEBUG:  checkpoint sync: number=144 file=base/16445/2656 time=0.000 ms
2026-09-25 14:17:48.643 UTC [7601] DEBUG:  checkpoint sync: number=145 file=base/16445/6116 time=0.000 ms
2026-09-25 14:17:48.643 UTC [7601] DEBUG:  checkpoint sync: number=146 file=base/16445/3456_vm time=0.000 ms
2026-09-25 14:17:48.643 UTC [7601] DEBUG:  checkpoint sync: number=147 file=base/16445/2838_fsm time=0.001 ms
2026-09-25 14:17:48.643 UTC [7601] DEBUG:  checkpoint sync: number=148 file=base/16445/4156 time=0.000 ms
2026-09-25 14:17:48.643 UTC [7601] DEBUG:  checkpoint sync: number=149 file=base/16445/13521_fsm time=0.000 ms
2026-09-25 14:17:48.643 UTC [7601] DEBUG:  checkpoint sync: number=150 file=base/16445/13511_vm time=0.000 ms
2026-09-25 14:17:48.643 UTC [7601] DEBUG:  checkpoint sync: number=151 file=base/16445/3456_fsm time=0.000 ms
2026-09-25 14:17:48.643 UTC [7601] DEBUG:  checkpoint sync: number=152 file=base/16445/3606 time=0.000 ms
2026-09-25 14:17:48.643 UTC [7601] DEBUG:  checkpoint sync: number=153 file=base/16445/2604 time=0.000 ms
2026-09-25 14:17:48.643 UTC [7601] DEBUG:  checkpoint sync: number=154 file=base/16445/16483 time=0.000 ms
2026-09-25 14:17:48.643 UTC [7601] DEBUG:  checkpoint sync: number=155 file=base/16445/2674 time=0.000 ms
2026-09-25 14:17:48.643 UTC [7601] DEBUG:  checkpoint sync: number=156 file=base/16445/16478 time=0.000 ms
2026-09-25 14:17:48.643 UTC [7601] DEBUG:  checkpoint sync: number=157 file=base/16445/2670 time=0.000 ms
2026-09-25 14:17:48.643 UTC [7601] DEBUG:  checkpoint sync: number=158 file=base/16445/6239 time=0.001 ms
2026-09-25 14:17:48.643 UTC [7601] DEBUG:  checkpoint sync: number=159 file=base/16445/2615_vm time=0.000 ms
2026-09-25 14:17:48.643 UTC [7601] DEBUG:  checkpoint sync: number=160 file=base/16445/3257 time=0.000 ms
2026-09-25 14:17:48.643 UTC [7601] DEBUG:  checkpoint sync: number=161 file=base/16445/6352 time=0.000 ms
2026-09-25 14:17:48.643 UTC [7601] DEBUG:  checkpoint sync: number=162 file=base/16445/4166 time=0.001 ms
2026-09-25 14:17:48.643 UTC [7601] DEBUG:  checkpoint sync: number=163 file=base/16445/2651 time=0.000 ms
2026-09-25 14:17:48.643 UTC [7601] DEBUG:  checkpoint sync: number=164 file=global/1262 time=0.000 ms
2026-09-25 14:17:48.643 UTC [7601] DEBUG:  checkpoint sync: number=165 file=base/16445/174 time=0.001 ms
2026-09-25 14:17:48.643 UTC [7601] DEBUG:  checkpoint sync: number=166 file=base/16445/2836_fsm time=0.000 ms
2026-09-25 14:17:48.643 UTC [7601] DEBUG:  checkpoint sync: number=167 file=base/16445/2600_vm time=0.000 ms
2026-09-25 14:17:48.643 UTC [7601] DEBUG:  checkpoint sync: number=168 file=base/16445/2618_fsm time=0.000 ms
2026-09-25 14:17:48.643 UTC [7601] DEBUG:  checkpoint sync: number=169 file=base/16445/16490 time=0.001 ms
2026-09-25 14:17:48.643 UTC [7601] DEBUG:  checkpoint sync: number=170 file=base/16445/3600_fsm time=0.000 ms
2026-09-25 14:17:48.643 UTC [7601] DEBUG:  checkpoint sync: number=171 file=base/16445/4152 time=0.000 ms
2026-09-25 14:17:48.643 UTC [7601] DEBUG:  checkpoint sync: number=172 file=base/16445/2613 time=0.001 ms
2026-09-25 14:17:48.643 UTC [7601] DEBUG:  checkpoint sync: number=173 file=base/16445/3598 time=0.001 ms
2026-09-25 14:17:48.643 UTC [7601] DEBUG:  checkpoint sync: number=174 file=base/16445/3997 time=0.000 ms
2026-09-25 14:17:48.643 UTC [7601] DEBUG:  checkpoint sync: number=175 file=base/16445/2619 time=0.001 ms
2026-09-25 14:17:48.643 UTC [7601] DEBUG:  checkpoint sync: number=176 file=base/16445/1249_fsm time=0.000 ms
2026-09-25 14:17:48.643 UTC [7601] DEBUG:  checkpoint sync: number=177 file=base/16445/2838_vm time=0.000 ms
2026-09-25 14:17:48.643 UTC [7601] DEBUG:  checkpoint sync: number=178 file=base/16445/13526 time=0.000 ms
2026-09-25 14:17:48.643 UTC [7601] DEBUG:  checkpoint sync: number=179 file=base/16445/3085 time=0.000 ms
2026-09-25 14:17:48.643 UTC [7601] DEBUG:  checkpoint sync: number=180 file=base/16445/1259_vm time=0.000 ms
2026-09-25 14:17:48.643 UTC [7601] DEBUG:  checkpoint sync: number=181 file=base/16445/13526_vm time=0.000 ms
2026-09-25 14:17:48.643 UTC [7601] DEBUG:  checkpoint sync: number=182 file=base/16445/2601 time=0.000 ms
2026-09-25 14:17:48.643 UTC [7601] DEBUG:  checkpoint sync: number=183 file=base/16445/828 time=0.001 ms
2026-09-25 14:17:48.643 UTC [7601] DEBUG:  checkpoint sync: number=184 file=base/16445/16480 time=0.001 ms
2026-09-25 14:17:48.643 UTC [7601] DEBUG:  checkpoint sync: number=185 file=base/16445/16492 time=0.000 ms
2026-09-25 14:17:48.643 UTC [7601] DEBUG:  checkpoint sync: number=186 file=pg_multixact/offsets/0000 time=0.004 ms
2026-09-25 14:17:48.643 UTC [7601] DEBUG:  checkpoint sync: number=187 file=base/16445/113 time=0.000 ms
2026-09-25 14:17:48.643 UTC [7601] DEBUG:  checkpoint sync: number=188 file=base/16445/2839 time=0.000 ms
2026-09-25 14:17:48.643 UTC [7601] DEBUG:  checkpoint sync: number=189 file=base/16445/16505 time=0.001 ms
2026-09-25 14:17:48.643 UTC [7601] DEBUG:  checkpoint sync: number=190 file=base/16445/2618_vm time=0.000 ms
2026-09-25 14:17:48.643 UTC [7601] DEBUG:  checkpoint sync: number=191 file=base/16445/16476 time=0.001 ms
2026-09-25 14:17:48.643 UTC [7601] DEBUG:  checkpoint sync: number=192 file=base/16445/16470_fsm time=0.000 ms
2026-09-25 14:17:48.643 UTC [7601] DEBUG:  checkpoint sync: number=193 file=base/16445/6238 time=0.001 ms
2026-09-25 14:17:48.643 UTC [7601] DEBUG:  checkpoint sync: number=194 file=base/16445/3601_fsm time=0.000 ms
2026-09-25 14:17:48.643 UTC [7601] DEBUG:  checkpoint sync: number=195 file=base/16445/3081 time=0.000 ms
2026-09-25 14:17:48.643 UTC [7601] DEBUG:  checkpoint sync: number=196 file=base/16445/3468 time=0.000 ms
2026-09-25 14:17:48.643 UTC [7601] DEBUG:  checkpoint sync: number=197 file=base/16445/2753 time=0.000 ms
2026-09-25 14:17:48.643 UTC [7601] DEBUG:  checkpoint sync: number=198 file=base/16445/6228 time=0.001 ms
2026-09-25 14:17:48.643 UTC [7601] DEBUG:  checkpoint sync: number=199 file=base/16445/4167 time=0.001 ms
2026-09-25 14:17:48.643 UTC [7601] DEBUG:  checkpoint sync: number=200 file=base/16445/1247 time=0.000 ms
2026-09-25 14:17:48.643 UTC [7601] DEBUG:  checkpoint sync: number=201 file=base/16445/2610 time=0.000 ms
2026-09-25 14:17:48.643 UTC [7601] DEBUG:  checkpoint sync: number=202 file=base/16445/13530 time=0.000 ms
2026-09-25 14:17:48.643 UTC [7601] DEBUG:  checkpoint sync: number=203 file=base/16445/4157 time=0.001 ms
2026-09-25 14:17:48.643 UTC [7601] DEBUG:  checkpoint sync: number=204 file=base/16445/4168 time=0.000 ms
2026-09-25 14:17:48.643 UTC [7601] DEBUG:  checkpoint sync: number=205 file=base/16445/6111 time=0.000 ms
2026-09-25 14:17:48.643 UTC [7601] DEBUG:  checkpoint sync: number=206 file=base/16445/3597 time=0.000 ms
2026-09-25 14:17:48.643 UTC [7601] DEBUG:  checkpoint sync: number=207 file=base/16445/2686 time=0.000 ms
2026-09-25 14:17:48.643 UTC [7601] DEBUG:  checkpoint sync: number=208 file=base/16445/4145 time=0.001 ms
2026-09-25 14:17:48.643 UTC [7601] DEBUG:  checkpoint sync: number=209 file=base/16445/2680 time=0.000 ms
2026-09-25 14:17:48.643 UTC [7601] DEBUG:  checkpoint sync: number=210 file=base/16445/4174 time=0.000 ms
2026-09-25 14:17:48.643 UTC [7601] DEBUG:  checkpoint sync: number=211 file=base/16445/2610_vm time=0.000 ms
2026-09-25 14:17:48.643 UTC [7601] DEBUG:  checkpoint sync: number=212 file=base/16445/2754 time=0.000 ms
2026-09-25 14:17:48.643 UTC [7601] DEBUG:  checkpoint sync: number=213 file=base/16445/16500 time=0.000 ms
2026-09-25 14:17:48.643 UTC [7601] DEBUG:  checkpoint sync: number=214 file=base/16445/2838 time=0.000 ms
2026-09-25 14:17:48.643 UTC [7601] DEBUG:  checkpoint sync: number=215 file=base/16445/3603_vm time=0.000 ms
2026-09-25 14:17:48.643 UTC [7601] DEBUG:  checkpoint sync: number=216 file=base/16445/3431 time=0.000 ms
2026-09-25 14:17:48.643 UTC [7601] DEBUG:  checkpoint sync: number=217 file=base/16445/3380 time=0.000 ms
2026-09-25 14:17:48.643 UTC [7601] DEBUG:  checkpoint sync: number=218 file=base/16445/16495_vm time=0.000 ms
2026-09-25 14:17:48.643 UTC [7601] DEBUG:  checkpoint sync: number=219 file=base/16445/2605_vm time=0.000 ms
2026-09-25 14:17:48.643 UTC [7601] DEBUG:  checkpoint sync: number=220 file=base/16445/4165 time=0.002 ms
2026-09-25 14:17:48.643 UTC [7601] DEBUG:  checkpoint sync: number=221 file=base/16445/2607_fsm time=0.000 ms
2026-09-25 14:17:48.643 UTC [7601] DEBUG:  checkpoint sync: number=222 file=base/16445/4170 time=0.000 ms
2026-09-25 14:17:48.643 UTC [7601] DEBUG:  checkpoint sync: number=223 file=base/16445/6229 time=0.000 ms
2026-09-25 14:17:48.643 UTC [7601] DEBUG:  checkpoint sync: number=224 file=base/16445/2187 time=0.000 ms
2026-09-25 14:17:48.643 UTC [7601] DEBUG:  checkpoint sync: number=225 file=base/16445/16498 time=0.001 ms
2026-09-25 14:17:48.643 UTC [7601] DEBUG:  checkpoint sync: number=226 file=global/2671 time=0.000 ms
2026-09-25 14:17:48.643 UTC [7601] DEBUG:  checkpoint sync: number=227 file=base/16445/2689 time=0.000 ms
2026-09-25 14:17:48.643 UTC [7601] DEBUG:  checkpoint sync: number=228 file=base/16445/6106 time=0.001 ms
2026-09-25 14:17:48.643 UTC [7601] DEBUG:  checkpoint sync: number=229 file=base/16445/3541_fsm time=0.000 ms
2026-09-25 14:17:48.643 UTC [7601] DEBUG:  checkpoint sync: number=230 file=base/16445/2666 time=0.000 ms
2026-09-25 14:17:48.643 UTC [7601] DEBUG:  checkpoint sync: number=231 file=base/16445/2612 time=0.000 ms
2026-09-25 14:17:48.643 UTC [7601] DEBUG:  checkpoint sync: number=232 file=base/16445/2609 time=0.000 ms
2026-09-25 14:17:48.643 UTC [7601] DEBUG:  checkpoint sync: number=233 file=base/16445/2328 time=0.001 ms
2026-09-25 14:17:48.643 UTC [7601] DEBUG:  checkpoint sync: number=234 file=base/16445/4160 time=0.000 ms
2026-09-25 14:17:48.643 UTC [7601] DEBUG:  checkpoint sync: number=235 file=base/16445/4163 time=0.002 ms
2026-09-25 14:17:48.643 UTC [7601] DEBUG:  checkpoint sync: number=236 file=base/16445/16501 time=0.000 ms
2026-09-25 14:17:48.643 UTC [7601] DEBUG:  checkpoint sync: number=237 file=base/16445/2601_fsm time=0.000 ms
2026-09-25 14:17:48.643 UTC [7601] DEBUG:  checkpoint sync: number=238 file=base/16445/1249_vm time=0.000 ms
2026-09-25 14:17:48.643 UTC [7601] DEBUG:  checkpoint sync: number=239 file=base/16445/13516_vm time=0.000 ms
2026-09-25 14:17:48.643 UTC [7601] DEBUG:  checkpoint sync: number=240 file=base/16445/16504 time=0.001 ms
2026-09-25 14:17:48.643 UTC [7601] DEBUG:  checkpoint sync: number=241 file=base/16445/3502 time=0.000 ms
2026-09-25 14:17:48.643 UTC [7601] DEBUG:  checkpoint sync: number=242 file=base/16445/2664 time=0.000 ms
2026-09-25 14:17:48.643 UTC [7601] DEBUG:  checkpoint sync: number=243 file=base/16445/2669 time=0.000 ms
2026-09-25 14:17:48.643 UTC [7601] DEBUG:  checkpoint sync: number=244 file=base/16445/1259 time=0.000 ms
2026-09-25 14:17:48.643 UTC [7601] DEBUG:  checkpoint sync: number=245 file=base/16445/2609_fsm time=0.000 ms
2026-09-25 14:17:48.643 UTC [7601] DEBUG:  checkpoint sync: number=246 file=base/16445/4148 time=0.000 ms
2026-09-25 14:17:48.643 UTC [7601] DEBUG:  checkpoint sync: number=247 file=base/16445/2683 time=0.000 ms
2026-09-25 14:17:48.643 UTC [7601] DEBUG:  checkpoint sync: number=248 file=base/16445/2616 time=0.000 ms
2026-09-25 14:17:48.643 UTC [7601] DEBUG:  checkpoint sync: number=249 file=base/16445/3466 time=0.002 ms
2026-09-25 14:17:48.643 UTC [7601] DEBUG:  checkpoint sync: number=250 file=base/16445/3603_fsm time=0.000 ms
2026-09-25 14:17:48.643 UTC [7601] DEBUG:  checkpoint sync: number=251 file=base/16445/3601_vm time=0.000 ms
2026-09-25 14:17:48.643 UTC [7601] DEBUG:  checkpoint sync: number=252 file=base/16445/4151 time=0.001 ms
2026-09-25 14:17:48.643 UTC [7601] DEBUG:  checkpoint sync: number=253 file=base/16445/2699 time=0.000 ms
2026-09-25 14:17:48.643 UTC [7601] DEBUG:  checkpoint sync: number=254 file=base/16445/3351 time=0.000 ms
2026-09-25 14:17:48.643 UTC [7601] DEBUG:  checkpoint sync: number=255 file=base/16445/112 time=0.000 ms
2026-09-25 14:17:48.643 UTC [7601] DEBUG:  checkpoint sync: number=256 file=base/16445/3574 time=0.000 ms
2026-09-25 14:17:48.643 UTC [7601] DEBUG:  checkpoint sync: number=257 file=base/16445/3607 time=0.000 ms
2026-09-25 14:17:48.643 UTC [7601] DEBUG:  checkpoint sync: number=258 file=base/16445/3603 time=0.000 ms
2026-09-25 14:17:48.643 UTC [7601] DEBUG:  checkpoint sync: number=259 file=base/16445/826 time=0.002 ms
2026-09-25 14:17:48.643 UTC [7601] DEBUG:  checkpoint sync: number=260 file=base/16445/16491 time=0.000 ms
2026-09-25 14:17:48.643 UTC [7601] DEBUG:  checkpoint sync: number=261 file=base/16445/16470 time=0.000 ms
2026-09-25 14:17:48.643 UTC [7601] DEBUG:  checkpoint sync: number=262 file=base/16445/3118 time=0.001 ms
2026-09-25 14:17:48.643 UTC [7601] DEBUG:  checkpoint sync: number=263 file=base/16445/2831 time=0.000 ms
2026-09-25 14:17:48.643 UTC [7601] DEBUG:  checkpoint sync: number=264 file=base/16445/6175 time=0.001 ms
2026-09-25 14:17:48.643 UTC [7601] DEBUG:  checkpoint sync: number=265 file=base/16445/2702 time=0.000 ms
2026-09-25 14:17:48.643 UTC [7601] DEBUG:  checkpoint sync: number=266 file=base/16445/4158 time=0.000 ms
2026-09-25 14:17:48.643 UTC [7601] DEBUG:  checkpoint sync: number=267 file=base/16445/1259_fsm time=0.000 ms
2026-09-25 14:17:48.643 UTC [7601] DEBUG:  checkpoint sync: number=268 file=base/16445/2841 time=0.001 ms
2026-09-25 14:17:48.643 UTC [7601] DEBUG:  checkpoint sync: number=269 file=base/16445/2663 time=0.000 ms
2026-09-25 14:17:48.643 UTC [7601] DEBUG:  checkpoint sync: number=270 file=base/16445/3542 time=0.000 ms
2026-09-25 14:17:48.643 UTC [7601] DEBUG:  checkpoint sync: number=271 file=base/16445/13511_fsm time=0.000 ms
2026-09-25 14:17:48.643 UTC [7601] DEBUG:  checkpoint sync: number=272 file=base/16445/13516 time=0.000 ms
2026-09-25 14:17:48.643 UTC [7601] DEBUG:  checkpoint sync: number=273 file=base/16445/2661 time=0.000 ms
2026-09-25 14:17:48.643 UTC [7601] DEBUG:  checkpoint sync: number=274 file=base/16445/3256 time=0.001 ms
2026-09-25 14:17:48.643 UTC [7601] DEBUG:  checkpoint sync: number=275 file=base/16445/2659 time=0.000 ms
2026-09-25 14:17:48.643 UTC [7601] DEBUG:  checkpoint sync: number=276 file=base/16445/175 time=0.001 ms
2026-09-25 14:17:48.643 UTC [7601] DEBUG:  checkpoint sync: number=277 file=base/16445/16501_vm time=0.000 ms
2026-09-25 14:17:48.643 UTC [7601] DEBUG:  checkpoint sync: number=278 file=base/16445/2840_fsm time=0.000 ms
2026-09-25 14:17:48.643 UTC [7601] DEBUG:  checkpoint sync: number=279 file=base/16445/4143 time=0.001 ms
2026-09-25 14:17:48.643 UTC [7601] DEBUG:  checkpoint sync: number=280 file=base/16445/3456 time=0.000 ms
2026-09-25 14:17:48.643 UTC [7601] DEBUG:  checkpoint sync: number=281 file=base/16445/3379 time=0.000 ms
2026-09-25 14:17:48.643 UTC [7601] DEBUG:  checkpoint sync: number=282 file=base/16445/4159 time=0.001 ms
2026-09-25 14:17:48.643 UTC [7601] DEBUG:  checkpoint sync: number=283 file=base/16445/2616_vm time=0.000 ms
2026-09-25 14:17:48.643 UTC [7601] DEBUG:  checkpoint sync: number=284 file=base/16445/4146 time=0.000 ms
2026-09-25 14:17:48.643 UTC [7601] DEBUG:  checkpoint sync: number=285 file=base/16445/13515 time=0.000 ms
2026-09-25 14:17:48.643 UTC [7601] DEBUG:  checkpoint sync: number=286 file=base/16445/2696 time=0.000 ms
2026-09-25 14:17:48.643 UTC [7601] DEBUG:  checkpoint sync: number=287 file=base/16445/2685 time=0.000 ms
2026-09-25 14:17:48.643 UTC [7601] DEBUG:  checkpoint sync: number=288 file=base/16445/1417 time=0.001 ms
2026-09-25 14:17:48.643 UTC [7601] DEBUG:  checkpoint sync: number=289 file=base/16445/3430 time=0.001 ms
2026-09-25 14:17:48.643 UTC [7601] DEBUG:  checkpoint sync: number=290 file=base/16445/1255_vm time=0.000 ms
2026-09-25 14:17:48.643 UTC [7601] DEBUG:  checkpoint sync: number=291 file=base/16445/2224 time=0.001 ms
2026-09-25 14:17:48.643 UTC [7601] DEBUG:  checkpoint sync: number=292 file=base/16445/2681 time=0.000 ms
2026-09-25 14:17:48.643 UTC [7601] DEBUG:  checkpoint sync: number=293 file=base/16445/2620 time=0.002 ms
2026-09-25 14:17:48.643 UTC [7601] DEBUG:  checkpoint sync: number=294 file=base/16445/2658 time=0.000 ms
2026-09-25 14:17:48.643 UTC [7601] DEBUG:  checkpoint sync: number=295 file=base/16445/4164 time=0.000 ms
2026-09-25 14:17:48.643 UTC [7601] DEBUG:  checkpoint sync: number=296 file=base/16445/3764_vm time=0.000 ms
2026-09-25 14:17:48.643 UTC [7601] DEBUG:  checkpoint sync: number=297 file=base/16445/2606 time=0.000 ms
2026-09-25 14:17:48.643 UTC [7601] DEBUG:  checkpoint sync: number=298 file=base/16445/6110 time=0.000 ms
2026-09-25 14:17:48.643 UTC [7601] DEBUG:  checkpoint sync: number=299 file=base/16445/2600_fsm time=0.000 ms
2026-09-25 14:17:48.643 UTC [7601] DEBUG:  checkpoint sync: number=300 file=base/16445/13514 time=0.001 ms
2026-09-25 14:17:48.643 UTC [7601] DEBUG:  checkpoint sync: number=301 file=base/16445/16485_vm time=0.000 ms
2026-09-25 14:17:48.643 UTC [7601] DEBUG:  checkpoint sync: number=302 file=base/16445/2607_vm time=0.000 ms
2026-09-25 14:17:48.643 UTC [7601] DEBUG:  checkpoint sync: number=303 file=base/16445/16485 time=0.000 ms
2026-09-25 14:17:48.643 UTC [7601] DEBUG:  checkpoint sync: number=304 file=base/16445/2337 time=0.000 ms
2026-09-25 14:17:48.643 UTC [7601] DEBUG:  checkpoint sync: number=305 file=base/16445/2602_vm time=0.000 ms
2026-09-25 14:17:48.643 UTC [7601] DEBUG:  checkpoint sync: number=306 file=base/16445/2757 time=0.000 ms
2026-09-25 14:17:48.643 UTC [7601] DEBUG:  checkpoint sync: number=307 file=base/16445/548 time=0.001 ms
2026-09-25 14:17:48.643 UTC [7601] DEBUG:  checkpoint sync: number=308 file=base/16445/3394_fsm time=0.000 ms
2026-09-25 14:17:48.643 UTC [7601] DEBUG:  checkpoint sync: number=309 file=base/16445/6104 time=0.001 ms
2026-09-25 14:17:48.643 UTC [7601] DEBUG:  checkpoint sync: number=310 file=base/16445/2755 time=0.000 ms
2026-09-25 14:17:48.643 UTC [7601] DEBUG:  checkpoint sync: number=311 file=pg_xact/0000 time=0.002 ms
2026-09-25 14:17:48.643 UTC [7601] DEBUG:  checkpoint sync: number=312 file=base/16445/3605 time=0.000 ms
2026-09-25 14:17:48.643 UTC [7601] DEBUG:  checkpoint sync: number=313 file=base/16445/827 time=0.000 ms
2026-09-25 14:17:48.643 UTC [7601] DEBUG:  checkpoint sync: number=314 file=base/16445/2606_vm time=0.000 ms
2026-09-25 14:17:48.643 UTC [7601] DEBUG:  checkpoint sync: number=315 file=base/16445/3602_vm time=0.000 ms
2026-09-25 14:17:48.643 UTC [7601] DEBUG:  checkpoint sync: number=316 file=base/16445/3599 time=0.000 ms
2026-09-25 14:17:48.643 UTC [7601] DEBUG:  checkpoint sync: number=317 file=base/16445/2995 time=0.002 ms
2026-09-25 14:17:48.643 UTC [7601] DEBUG:  checkpoint sync: number=318 file=base/16445/2753_fsm time=0.000 ms
2026-09-25 14:17:48.643 UTC [7601] DEBUG:  checkpoint sync: number=319 file=base/16445/3394_vm time=0.000 ms
2026-09-25 14:17:48.643 UTC [7601] DEBUG:  checkpoint sync: number=320 file=base/16445/3079 time=0.000 ms
2026-09-25 14:17:48.643 UTC [7601] DEBUG:  checkpoint sync: number=321 file=base/16445/3395 time=0.000 ms
2026-09-25 14:17:48.643 UTC [7601] DEBUG:  checkpoint sync: number=322 file=base/16445/3440 time=0.000 ms
2026-09-25 14:17:48.643 UTC [7601] DEBUG:  checkpoint sync: number=323 file=base/16445/2840 time=0.000 ms
2026-09-25 14:17:48.643 UTC [7601] DEBUG:  checkpoint sync: number=324 file=base/16445/3080 time=0.000 ms
2026-09-25 14:17:48.643 UTC [7601] DEBUG:  checkpoint sync: number=325 file=base/16445/2679 time=0.000 ms
2026-09-25 14:17:48.643 UTC [7601] DEBUG:  checkpoint sync: number=326 file=base/16445/3764 time=0.000 ms
2026-09-25 14:17:48.643 UTC [7601] DEBUG:  checkpoint sync: number=327 file=base/16445/2655 time=0.000 ms
2026-09-25 14:17:48.643 UTC [7601] DEBUG:  checkpoint sync: number=328 file=base/16445/16499 time=0.001 ms
2026-09-25 14:17:48.643 UTC [7601] DEBUG:  checkpoint sync: number=329 file=base/16445/6176 time=0.001 ms
2026-09-25 14:17:48.643 UTC [7601] DEBUG:  checkpoint sync: number=330 file=base/16445/13511 time=0.000 ms
2026-09-25 14:17:48.643 UTC [7601] DEBUG:  checkpoint sync: number=331 file=base/16445/13521 time=0.000 ms
2026-09-25 14:17:48.643 UTC [7601] DEBUG:  checkpoint sync: number=332 file=base/16445/1418 time=0.001 ms
2026-09-25 14:17:48.643 UTC [7601] DEBUG:  checkpoint sync: number=333 file=base/16445/3394 time=0.000 ms
2026-09-25 14:17:48.643 UTC [7601] DEBUG:  checkpoint sync: number=334 file=base/16445/2675 time=0.000 ms
2026-09-25 14:17:48.644 UTC [7601] LOG:  checkpoint complete: wrote 11733 buffers (71.6%), wrote 3 SLRU buffers; 0 WAL file(s) added, 0 removed, 8 recycled; write=0.048 s, sync=0.001 s, total=0.049 s; sync files=334, longest=0.001 s, average=0.000 s; distance=128332 kB, estimate=128332 kB; lsn=0/11784C80, redo lsn=0/11784C80
2026-09-25 14:17:48.644 UTC [7597] DEBUG:  updating PMState from PM_WAIT_XLOG_SHUTDOWN to PM_WAIT_XLOG_ARCHIVAL
2026-09-25 14:17:48.644 UTC [7597] DEBUG:  updating PMState from PM_WAIT_XLOG_ARCHIVAL to PM_WAIT_IO_WORKERS
2026-09-25 14:17:48.646 UTC [7597] DEBUG:  updating PMState from PM_WAIT_IO_WORKERS to PM_WAIT_CHECKPOINTER
2026-09-25 14:17:48.651 UTC [7597] DEBUG:  updating PMState from PM_WAIT_CHECKPOINTER to PM_WAIT_DEAD_END
2026-09-25 14:17:48.651 UTC [7597] DEBUG:  updating PMState from PM_WAIT_DEAD_END to PM_NO_CHILDREN
2026-09-25 14:17:48.663 UTC [7597] LOG:  database system is shut down
2026-09-25 14:17:48.723 UTC [8694] DEBUG:  registering background worker "logical replication launcher"
2026-09-25 14:17:48.724 UTC [8694] DEBUG:  loaded library "/tmp/pin-pr25-native/lib/pin"
2026-09-25 14:17:48.724 UTC [8694] DEBUG:  mmap(157286400) with MAP_HUGETLB failed, huge pages disabled: Cannot allocate memory
2026-09-25 14:17:48.732 UTC [8694] LOG:  starting PostgreSQL 18.6 (Ubuntu 18.6-0ubuntu0.26.04.1) on x86_64-pc-linux-gnu, compiled by gcc (Ubuntu 15.2.0-16ubuntu1) 15.2.0, 64-bit
2026-09-25 14:17:48.732 UTC [8694] LOG:  listening on Unix socket "/tmp/pin-pr25-native/socket/.s.PGSQL.55491"
2026-09-25 14:17:48.733 UTC [8694] DEBUG:  updating PMState from PM_INIT to PM_STARTUP
2026-09-25 14:17:48.735 UTC [8700] LOG:  database system was shut down at 2026-09-25 14:17:48 UTC
2026-09-25 14:17:48.735 UTC [8700] DEBUG:  checkpoint record is at 0/11784C80
2026-09-25 14:17:48.735 UTC [8700] DEBUG:  redo record is at 0/11784C80; shutdown true
2026-09-25 14:17:48.735 UTC [8700] DEBUG:  next transaction ID: 821; next OID: 16507
2026-09-25 14:17:48.735 UTC [8700] DEBUG:  next MultiXactId: 1; next MultiXactOffset: 0
2026-09-25 14:17:48.735 UTC [8700] DEBUG:  oldest unfrozen transaction ID: 744, in database 1
2026-09-25 14:17:48.735 UTC [8700] DEBUG:  oldest MultiXactId: 1, in database 1
2026-09-25 14:17:48.735 UTC [8700] DEBUG:  commit timestamp Xid oldest/newest: 0/0
2026-09-25 14:17:48.735 UTC [8700] DEBUG:  transaction ID wrap limit is 2147484391, limited by database with OID 1
2026-09-25 14:17:48.735 UTC [8700] DEBUG:  MultiXactId wrap limit is 2147483648, limited by database with OID 1
2026-09-25 14:17:48.735 UTC [8700] DEBUG:  starting up replication slots
2026-09-25 14:17:48.735 UTC [8700] DEBUG:  xmin required by slots: data 0, catalog 0
2026-09-25 14:17:48.736 UTC [8700] DEBUG:  MultiXactId wrap limit is 2147483648, limited by database with OID 1
2026-09-25 14:17:48.736 UTC [8700] DEBUG:  MultiXact member stop limit is now 4294914944 based on MultiXact 1
2026-09-25 14:17:48.737 UTC [8694] DEBUG:  updating PMState from PM_STARTUP to PM_RUN
2026-09-25 14:17:48.737 UTC [8694] LOG:  database system is ready to accept connections
2026-09-25 14:17:48.738 UTC [8694] DEBUG:  starting background worker process "logical replication launcher"
2026-09-25 14:17:48.738 UTC [8702] DEBUG:  logical replication launcher started
2026-09-25 14:17:55.257 UTC [8721] DEBUG:  executing extension script for "pin" version '0.0.0'
2026-09-25 14:17:55.271 UTC [8722] DEBUG:  building index "pg_toast_16532_index" on table "pg_toast_16532" serially
2026-09-25 14:17:55.271 UTC [8722] DEBUG:  index "pg_toast_16532_index" can safely use deduplication
2026-09-25 14:17:55.272 UTC [8722] DEBUG:  CREATE TABLE / PRIMARY KEY will create implicit index "g10_docs_pkey" for table "g10_docs"
2026-09-25 14:17:55.272 UTC [8722] DEBUG:  building index "g10_docs_pkey" on table "g10_docs" serially
2026-09-25 14:17:55.272 UTC [8722] DEBUG:  index "g10_docs_pkey" can safely use deduplication
2026-09-25 14:17:55.276 UTC [8722] DEBUG:  building index "g10_docs_pin" on table "g10_docs" serially
2026-09-25 14:17:55.388 UTC [8722] DEBUG:  Pin grouped snapshot: documents=1200 groups=1 written_pages=8 reclaimed_pages=0 sort_spilled=false frontier_terms=0
2026-09-25 14:17:55.390 UTC [8722] DEBUG:  building index "g10_docs_gin" on table "g10_docs" serially
2026-09-25 14:17:55.473 UTC [8722] DEBUG:  Pin grouped delta: documents=512 groups=1 written_pages=8 reclaimed_pages=0 sort_spilled=false
2026-09-25 14:17:55.548 UTC [8722] DEBUG:  Pin grouped delta: documents=1024 groups=1 written_pages=9 reclaimed_pages=8 sort_spilled=false
2026-09-25 14:17:55.624 UTC [8722] DEBUG:  Pin grouped delta: documents=512 groups=1 written_pages=8 reclaimed_pages=0 sort_spilled=false
2026-09-25 14:17:55.719 UTC [8722] DEBUG:  Pin grouped delta: documents=2048 groups=1 written_pages=11 reclaimed_pages=17 sort_spilled=false
2026-09-25 14:17:55.811 UTC [8722] DEBUG:  Pin grouped snapshot: documents=3222 groups=1 written_pages=14 reclaimed_pages=19 sort_spilled=false frontier_terms=0
2026-09-25 14:17:55.811 UTC [8722] CONTEXT:  while cleaning up index "g10_docs_pin" of relation "public.g10_docs"
2026-09-25 14:17:55.811 UTC [8722] DEBUG:  Pin compaction: retained_pages=0 written_pages=19 reclaimed_pages=37 reused_pages=19
2026-09-25 14:17:55.811 UTC [8722] CONTEXT:  while cleaning up index "g10_docs_pin" of relation "public.g10_docs"
2026-09-25 14:17:55.887 UTC [8722] DEBUG:  building index "g10_docs_pin" on table "g10_docs" serially
2026-09-25 14:17:56.138 UTC [8722] DEBUG:  Pin grouped snapshot: documents=3223 groups=1 written_pages=14 reclaimed_pages=0 sort_spilled=false frontier_terms=0
2026-09-25 14:18:06.311 UTC [8737] DEBUG:  building index "pg_toast_16547_index" on table "pg_toast_16547" serially
2026-09-25 14:18:06.311 UTC [8737] DEBUG:  index "pg_toast_16547_index" can safely use deduplication
2026-09-25 14:18:06.391 UTC [8737] DEBUG:  building index "documents_pin" on table "documents" serially
2026-09-25 14:18:09.420 UTC [8737] DEBUG:  Pin grouped snapshot: documents=20000 groups=3 written_pages=154 reclaimed_pages=0 sort_spilled=false frontier_terms=0
2026-09-25 14:18:09.423 UTC [8737] DEBUG:  building index "documents_gin" on table "documents" serially
2026-09-25 14:18:10.040 UTC [8737] DEBUG:  Pin compaction: retained_pages=0 written_pages=4132 reclaimed_pages=4284 reused_pages=4124
2026-09-25 14:18:10.040 UTC [8737] CONTEXT:  while cleaning up index "documents_pin" of relation "pin_grouped_count_bench.documents"
2026-09-25 14:18:13.369 UTC [8737] DEBUG:  Pin grouped delta: documents=512 groups=1 written_pages=15 reclaimed_pages=0 sort_spilled=false
2026-09-25 14:18:13.481 UTC [8737] DEBUG:  Pin grouped delta: documents=1024 groups=1 written_pages=21 reclaimed_pages=15 sort_spilled=false
2026-09-25 14:18:13.580 UTC [8737] DEBUG:  Pin grouped delta: documents=512 groups=1 written_pages=15 reclaimed_pages=0 sort_spilled=false
2026-09-25 14:18:13.724 UTC [8737] DEBUG:  Pin grouped delta: documents=2048 groups=1 written_pages=34 reclaimed_pages=36 sort_spilled=false
2026-09-25 14:18:13.842 UTC [8737] DEBUG:  Pin grouped delta: documents=512 groups=1 written_pages=15 reclaimed_pages=0 sort_spilled=false
2026-09-25 14:18:13.975 UTC [8737] DEBUG:  Pin grouped delta: documents=1024 groups=1 written_pages=21 reclaimed_pages=15 sort_spilled=false
2026-09-25 14:18:14.086 UTC [8737] DEBUG:  Pin grouped delta: documents=512 groups=1 written_pages=15 reclaimed_pages=0 sort_spilled=false
2026-09-25 14:18:14.284 UTC [8737] DEBUG:  Pin grouped delta: documents=4096 groups=1 written_pages=58 reclaimed_pages=70 sort_spilled=false
2026-09-25 14:18:19.922 UTC [8737] DEBUG:  Pin grouped snapshot: documents=23871 groups=3 written_pages=194 reclaimed_pages=212 sort_spilled=false frontier_terms=0
2026-09-25 14:18:19.922 UTC [8737] CONTEXT:  while cleaning up index "documents_pin" of relation "pin_grouped_count_bench.documents"
2026-09-25 14:18:19.922 UTC [8737] DEBUG:  Pin compaction: retained_pages=0 written_pages=4331 reclaimed_pages=8481 reused_pages=4331
2026-09-25 14:18:19.922 UTC [8737] CONTEXT:  while cleaning up index "documents_pin" of relation "pin_grouped_count_bench.documents"
2026-09-25 14:18:21.911 UTC [8737] DEBUG:  building index "pg_toast_16557_index" on table "pg_toast_16557" serially
2026-09-25 14:18:21.911 UTC [8737] DEBUG:  index "pg_toast_16557_index" can safely use deduplication
2026-09-25 14:18:21.912 UTC [8737] DEBUG:  building index "write_gin_to_tsvector_idx" on table "write_gin" serially
2026-09-25 14:18:21.920 UTC [8737] DEBUG:  building index "pg_toast_16563_index" on table "pg_toast_16563" serially
2026-09-25 14:18:21.920 UTC [8737] DEBUG:  index "pg_toast_16563_index" can safely use deduplication
2026-09-25 14:18:21.921 UTC [8737] DEBUG:  building index "write_pin_body_idx" on table "write_pin" serially
2026-09-25 14:18:21.921 UTC [8737] DEBUG:  Pin grouped snapshot: documents=0 groups=0 written_pages=0 reclaimed_pages=0 sort_spilled=false frontier_terms=0
2026-09-25 14:18:21.939 UTC [8737] DEBUG:  Pin grouped snapshot: documents=100 groups=1 written_pages=10 reclaimed_pages=0 sort_spilled=false frontier_terms=0
2026-09-25 14:18:21.939 UTC [8737] CONTEXT:  while cleaning up index "write_pin_body_idx" of relation "pin_grouped_count_bench.write_pin"
2026-09-25 14:18:21.939 UTC [8737] DEBUG:  Pin compaction: retained_pages=0 written_pages=15 reclaimed_pages=5 reused_pages=5
2026-09-25 14:18:21.939 UTC [8737] CONTEXT:  while cleaning up index "write_pin_body_idx" of relation "pin_grouped_count_bench.write_pin"
2026-09-25 14:18:49.743 UTC [8775] DEBUG:  building index "pg_toast_16569_index" on table "pg_toast_16569" serially
2026-09-25 14:18:49.743 UTC [8775] DEBUG:  index "pg_toast_16569_index" can safely use deduplication
2026-09-25 14:18:49.827 UTC [8775] DEBUG:  building index "pin_canonical_size_pin" on table "pin_canonical_size" serially
2026-09-25 14:19:34.454 UTC [8832] DEBUG:  executing extension script for "pin" version '0.0.0'
2026-09-25 14:19:34.472 UTC [8836] DEBUG:  building index "pg_toast_16596_index" on table "pg_toast_16596" serially
2026-09-25 14:19:34.472 UTC [8836] DEBUG:  index "pg_toast_16596_index" can safely use deduplication
2026-09-25 14:19:34.479 UTC [8836] DEBUG:  building index "g9_count_pin" on table "g9_count_docs" serially
2026-09-25 14:19:34.651 UTC [8836] DEBUG:  Pin grouped snapshot: documents=1201 groups=1 written_pages=22 reclaimed_pages=0 sort_spilled=false frontier_terms=0
2026-09-25 14:19:34.653 UTC [8836] DEBUG:  building index "g9_count_gin" on table "g9_count_docs" serially
2026-09-25 14:19:34.672 UTC [8836] DEBUG:  Pin compaction: retained_pages=0 written_pages=6 reclaimed_pages=15 reused_pages=5
2026-09-25 14:19:34.672 UTC [8836] CONTEXT:  while cleaning up index "g9_count_pin" of relation "public.g9_count_docs"
2026-09-25 14:19:38.458 UTC [9409] DEBUG:  Pin grouped snapshot: documents=1733 groups=1 written_pages=29 reclaimed_pages=22 sort_spilled=false frontier_terms=0
2026-09-25 14:19:38.458 UTC [9409] CONTEXT:  while cleaning up index "g9_count_pin" of relation "public.g9_count_docs"
2026-09-25 14:19:38.458 UTC [9409] DEBUG:  Pin compaction: retained_pages=0 written_pages=36 reclaimed_pages=39 reused_pages=27
2026-09-25 14:19:38.458 UTC [9409] CONTEXT:  while cleaning up index "g9_count_pin" of relation "public.g9_count_docs"
2026-09-25 14:19:39.427 UTC [9557] DEBUG:  building index "pg_toast_16608_index" on table "pg_toast_16608" serially
2026-09-25 14:19:39.427 UTC [9557] DEBUG:  index "pg_toast_16608_index" can safely use deduplication
2026-09-25 14:19:39.428 UTC [9557] DEBUG:  building index "g9_count_legacy_body_idx" on table "g9_count_legacy" serially
2026-09-25 14:19:39.572 UTC [9587] ERROR:  permission denied to set parameter "pin.enable_grouped_count"
2026-09-25 14:19:39.572 UTC [9587] STATEMENT:  SET pin.enable_grouped_count=on;
2026-09-25 14:19:39.588 UTC [9591] DEBUG:  building index "pg_toast_16616_index" on table "pg_toast_16616" serially
2026-09-25 14:19:39.588 UTC [9591] DEBUG:  index "pg_toast_16616_index" can safely use deduplication
2026-09-25 14:19:39.588 UTC [9591] DEBUG:  building index "g9_count_reuse_body_idx" on table "g9_count_reuse" serially
2026-09-25 14:19:39.590 UTC [9591] DEBUG:  Pin grouped snapshot: documents=0 groups=0 written_pages=0 reclaimed_pages=0 sort_spilled=false frontier_terms=0
2026-09-25 14:19:39.594 UTC [9591] DEBUG:  building index "g9_count_reuse_to_tsvector_idx" on table "g9_count_reuse" serially
2026-09-25 14:19:39.596 UTC [9591] DEBUG:  Pin grouped snapshot: documents=66 groups=1 written_pages=4 reclaimed_pages=0 sort_spilled=false frontier_terms=0
2026-09-25 14:19:39.596 UTC [9591] CONTEXT:  while cleaning up index "g9_count_reuse_body_idx" of relation "public.g9_count_reuse"
2026-09-25 14:19:39.596 UTC [9591] DEBUG:  Pin compaction: retained_pages=0 written_pages=6 reclaimed_pages=2 reused_pages=2
2026-09-25 14:19:39.596 UTC [9591] CONTEXT:  while cleaning up index "g9_count_reuse_body_idx" of relation "public.g9_count_reuse"
2026-09-25 14:19:39.598 UTC [9591] DEBUG:  Pin compaction: retained_pages=0 written_pages=0 reclaimed_pages=0 reused_pages=0
2026-09-25 14:19:39.598 UTC [9591] CONTEXT:  while cleaning up index "g9_count_reuse_body_idx" of relation "public.g9_count_reuse"
2026-09-25 14:19:39.683 UTC [9607] DEBUG:  Pin grouped snapshot: documents=66 groups=1 written_pages=4 reclaimed_pages=4 sort_spilled=false frontier_terms=0
2026-09-25 14:19:39.683 UTC [9607] CONTEXT:  while cleaning up index "g9_count_reuse_body_idx" of relation "public.g9_count_reuse"
2026-09-25 14:19:39.683 UTC [9607] DEBUG:  Pin compaction: retained_pages=0 written_pages=5 reclaimed_pages=5 reused_pages=1
2026-09-25 14:19:39.683 UTC [9607] CONTEXT:  while cleaning up index "g9_count_reuse_body_idx" of relation "public.g9_count_reuse"
2026-09-25 14:19:39.742 UTC [8694] LOG:  received immediate shutdown request
2026-09-25 14:19:39.742 UTC [8694] DEBUG:  updating PMState from PM_RUN to PM_WAIT_BACKENDS
2026-09-25 14:19:39.747 UTC [8694] DEBUG:  updating PMState from PM_WAIT_BACKENDS to PM_WAIT_DEAD_END
2026-09-25 14:19:39.747 UTC [8694] DEBUG:  updating PMState from PM_WAIT_DEAD_END to PM_NO_CHILDREN
2026-09-25 14:19:39.763 UTC [8694] LOG:  database system is shut down
2026-09-25 14:19:39.874 UTC [9626] DEBUG:  registering background worker "logical replication launcher"
2026-09-25 14:19:39.874 UTC [9626] DEBUG:  loaded library "/tmp/pin-pr25-native/lib/pin"
2026-09-25 14:19:39.874 UTC [9626] DEBUG:  mmap(157286400) with MAP_HUGETLB failed, huge pages disabled: Cannot allocate memory
2026-09-25 14:19:39.883 UTC [9626] LOG:  starting PostgreSQL 18.6 (Ubuntu 18.6-0ubuntu0.26.04.1) on x86_64-pc-linux-gnu, compiled by gcc (Ubuntu 15.2.0-16ubuntu1) 15.2.0, 64-bit
2026-09-25 14:19:39.883 UTC [9626] LOG:  listening on Unix socket "/tmp/pin-pr25-native/socket/.s.PGSQL.55491"
2026-09-25 14:19:39.884 UTC [9626] DEBUG:  updating PMState from PM_INIT to PM_STARTUP
2026-09-25 14:19:39.888 UTC [9632] LOG:  database system was interrupted; last known up at 2026-09-25 14:17:48 UTC
2026-09-25 14:19:39.895 UTC [9632] DEBUG:  checkpoint record is at 0/11784C80
2026-09-25 14:19:39.895 UTC [9632] DEBUG:  redo record is at 0/11784C80; shutdown true
2026-09-25 14:19:39.895 UTC [9632] DEBUG:  next transaction ID: 821; next OID: 16507
2026-09-25 14:19:39.895 UTC [9632] DEBUG:  next MultiXactId: 1; next MultiXactOffset: 0
2026-09-25 14:19:39.895 UTC [9632] DEBUG:  oldest unfrozen transaction ID: 744, in database 1
2026-09-25 14:19:39.895 UTC [9632] DEBUG:  oldest MultiXactId: 1, in database 1
2026-09-25 14:19:39.895 UTC [9632] DEBUG:  commit timestamp Xid oldest/newest: 0/0
2026-09-25 14:19:39.895 UTC [9632] LOG:  database system was not properly shut down; automatic recovery in progress
2026-09-25 14:19:39.895 UTC [9632] DEBUG:  transaction ID wrap limit is 2147484391, limited by database with OID 1
2026-09-25 14:19:39.895 UTC [9632] DEBUG:  MultiXactId wrap limit is 2147483648, limited by database with OID 1
2026-09-25 14:19:39.895 UTC [9632] DEBUG:  starting up replication slots
2026-09-25 14:19:39.895 UTC [9632] DEBUG:  xmin required by slots: data 0, catalog 0
2026-09-25 14:19:39.895 UTC [9632] DEBUG:  resetting unlogged relations: cleanup 1 init 0
2026-09-25 14:19:39.896 UTC [9632] LOG:  redo starts at 0/11784CF8
2026-09-25 14:19:39.896 UTC [9626] DEBUG:  updating PMState from PM_STARTUP to PM_RECOVERY
2026-09-25 14:19:40.414 UTC [9632] LOG:  invalid record length at 0/1F914450: expected at least 24, got 0
2026-09-25 14:19:40.414 UTC [9632] LOG:  redo done at 0/1F914418 system usage: CPU: user: 0.37 s, system: 0.14 s, elapsed: 0.51 s
2026-09-25 14:19:40.414 UTC [9632] DEBUG:  resetting unlogged relations: cleanup 0 init 1
2026-09-25 14:19:40.415 UTC [9632] DEBUG:  MultiXactId wrap limit is 2147483648, limited by database with OID 1
2026-09-25 14:19:40.415 UTC [9632] DEBUG:  MultiXact member stop limit is now 4294914944 based on MultiXact 1
2026-09-25 14:19:40.416 UTC [9630] LOG:  checkpoint starting: end-of-recovery immediate wait
2026-09-25 14:19:40.416 UTC [9630] DEBUG:  performing replication slot checkpoint
2026-09-25 14:19:40.492 UTC [9630] DEBUG:  checkpoint sync: number=1 file=base/16507/13521 time=0.011 ms
2026-09-25 14:19:40.492 UTC [9630] DEBUG:  checkpoint sync: number=2 file=base/16575/827 time=0.001 ms
2026-09-25 14:19:40.492 UTC [9630] DEBUG:  checkpoint sync: number=3 file=base/16507/3597 time=0.002 ms
2026-09-25 14:19:40.492 UTC [9630] DEBUG:  checkpoint sync: number=4 file=base/16575/3574 time=0.001 ms
2026-09-25 14:19:40.492 UTC [9630] DEBUG:  checkpoint sync: number=5 file=base/16507/13526_fsm time=0.002 ms
2026-09-25 14:19:40.492 UTC [9630] DEBUG:  checkpoint sync: number=6 file=base/16575/2658 time=0.001 ms
2026-09-25 14:19:40.492 UTC [9630] DEBUG:  checkpoint sync: number=7 file=base/16507/2836_fsm time=0.002 ms
2026-09-25 14:19:40.492 UTC [9630] DEBUG:  checkpoint sync: number=8 file=base/16507/3575 time=0.002 ms
2026-09-25 14:19:40.492 UTC [9630] DEBUG:  checkpoint sync: number=9 file=base/16507/2683 time=0.002 ms
2026-09-25 14:19:40.492 UTC [9630] DEBUG:  checkpoint sync: number=10 file=base/16575/3602 time=0.001 ms
2026-09-25 14:19:40.492 UTC [9630] DEBUG:  checkpoint sync: number=11 file=base/16507/1247 time=0.002 ms
2026-09-25 14:19:40.492 UTC [9630] DEBUG:  checkpoint sync: number=12 file=base/16575/4143 time=0.002 ms
2026-09-25 14:19:40.492 UTC [9630] DEBUG:  checkpoint sync: number=13 file=base/16507/3118 time=0.002 ms
2026-09-25 14:19:40.492 UTC [9630] DEBUG:  checkpoint sync: number=14 file=base/16507/2686 time=0.002 ms
2026-09-25 14:19:40.492 UTC [9630] DEBUG:  checkpoint sync: number=15 file=base/16507/2836 time=0.002 ms
2026-09-25 14:19:40.492 UTC [9630] DEBUG:  checkpoint sync: number=16 file=base/16507/2655 time=0.002 ms
2026-09-25 14:19:40.492 UTC [9630] DEBUG:  checkpoint sync: number=17 file=base/16507/4173 time=0.002 ms
2026-09-25 14:19:40.492 UTC [9630] DEBUG:  checkpoint sync: number=18 file=base/16575/2665 time=0.001 ms
2026-09-25 14:19:40.492 UTC [9630] DEBUG:  checkpoint sync: number=19 file=base/16575/4158 time=0.001 ms
2026-09-25 14:19:40.492 UTC [9630] DEBUG:  checkpoint sync: number=20 file=base/16507/16574 time=0.000 ms
2026-09-25 14:19:40.492 UTC [9630] DEBUG:  checkpoint sync: number=21 file=base/16575/2688 time=0.001 ms
2026-09-25 14:19:40.492 UTC [9630] DEBUG:  checkpoint sync: number=22 file=base/16507/2838 time=0.002 ms
2026-09-25 14:19:40.492 UTC [9630] DEBUG:  checkpoint sync: number=23 file=base/16575/174 time=0.001 ms
2026-09-25 14:19:40.492 UTC [9630] DEBUG:  checkpoint sync: number=24 file=base/16507/6238 time=0.002 ms
2026-09-25 14:19:40.492 UTC [9630] DEBUG:  checkpoint sync: number=25 file=base/16507/3502 time=0.002 ms
2026-09-25 14:19:40.492 UTC [9630] DEBUG:  checkpoint sync: number=26 file=base/16507/1255_fsm time=0.001 ms
2026-09-25 14:19:40.492 UTC [9630] DEBUG:  checkpoint sync: number=27 file=base/16507/2337 time=0.002 ms
2026-09-25 14:19:40.492 UTC [9630] DEBUG:  checkpoint sync: number=28 file=base/16575/2612_fsm time=0.001 ms
2026-09-25 14:19:40.492 UTC [9630] DEBUG:  checkpoint sync: number=29 file=base/16575/4156 time=0.000 ms
2026-09-25 14:19:40.492 UTC [9630] DEBUG:  checkpoint sync: number=30 file=base/16575/112 time=0.000 ms
2026-09-25 14:19:40.492 UTC [9630] DEBUG:  checkpoint sync: number=31 file=base/16575/548 time=0.001 ms
2026-09-25 14:19:40.492 UTC [9630] DEBUG:  checkpoint sync: number=32 file=base/16507/3258 time=0.002 ms
2026-09-25 14:19:40.492 UTC [9630] DEBUG:  checkpoint sync: number=33 file=base/16575/2607_fsm time=0.001 ms
2026-09-25 14:19:40.492 UTC [9630] DEBUG:  checkpoint sync: number=34 file=base/16575/2336 time=0.002 ms
2026-09-25 14:19:40.492 UTC [9630] DEBUG:  checkpoint sync: number=35 file=base/16575/4168 time=0.001 ms
2026-09-25 14:19:40.492 UTC [9630] DEBUG:  checkpoint sync: number=36 file=base/16507/3603 time=0.002 ms
2026-09-25 14:19:40.492 UTC [9630] DEBUG:  checkpoint sync: number=37 file=base/16575/6237 time=0.002 ms
2026-09-25 14:19:40.492 UTC [9630] DEBUG:  checkpoint sync: number=38 file=base/16507/4150 time=0.002 ms
2026-09-25 14:19:40.492 UTC [9630] DEBUG:  checkpoint sync: number=39 file=base/16575/16611 time=0.002 ms
2026-09-25 14:19:40.492 UTC [9630] DEBUG:  checkpoint sync: number=40 file=base/16507/2685 time=0.001 ms
2026-09-25 14:19:40.492 UTC [9630] DEBUG:  checkpoint sync: number=41 file=base/16507/13529 time=0.003 ms
2026-09-25 14:19:40.492 UTC [9630] DEBUG:  checkpoint sync: number=42 file=base/16507/1249_vm time=0.001 ms
2026-09-25 14:19:40.492 UTC [9630] DEBUG:  checkpoint sync: number=43 file=base/16507/3079 time=0.001 ms
2026-09-25 14:19:40.492 UTC [9630] DEBUG:  checkpoint sync: number=44 file=base/16575/3164 time=0.001 ms
2026-09-25 14:19:40.492 UTC [9630] DEBUG:  checkpoint sync: number=45 file=base/16575/3601_fsm time=0.001 ms
2026-09-25 14:19:40.492 UTC [9630] DEBUG:  checkpoint sync: number=46 file=base/16507/1259_vm time=0.001 ms
2026-09-25 14:19:40.492 UTC [9630] DEBUG:  checkpoint sync: number=47 file=base/16575/2618 time=0.001 ms
2026-09-25 14:19:40.492 UTC [9630] DEBUG:  checkpoint sync: number=48 file=base/16507/2620 time=0.002 ms
2026-09-25 14:19:40.492 UTC [9630] DEBUG:  checkpoint sync: number=49 file=base/16575/3081 time=0.001 ms
2026-09-25 14:19:40.492 UTC [9630] DEBUG:  checkpoint sync: number=50 file=base/16507/13521_vm time=0.002 ms
2026-09-25 14:19:40.492 UTC [9630] DEBUG:  checkpoint sync: number=51 file=base/16507/2753_fsm time=0.001 ms
2026-09-25 14:19:40.492 UTC [9630] DEBUG:  checkpoint sync: number=52 file=base/16507/4159 time=0.002 ms
2026-09-25 14:19:40.492 UTC [9630] DEBUG:  checkpoint sync: number=53 file=base/16507/2688 time=0.002 ms
2026-09-25 14:19:40.492 UTC [9630] DEBUG:  checkpoint sync: number=54 file=base/16507/3542 time=0.002 ms
2026-09-25 14:19:40.492 UTC [9630] DEBUG:  checkpoint sync: number=55 file=base/16575/3603 time=0.001 ms
2026-09-25 14:19:40.492 UTC [9630] DEBUG:  checkpoint sync: number=56 file=base/16575/16616_fsm time=0.000 ms
2026-09-25 14:19:40.492 UTC [9630] DEBUG:  checkpoint sync: number=57 file=base/16507/6352 time=0.002 ms
2026-09-25 14:19:40.492 UTC [9630] DEBUG:  checkpoint sync: number=58 file=base/16507/2699 time=0.002 ms
2026-09-25 14:19:40.492 UTC [9630] DEBUG:  checkpoint sync: number=59 file=base/16507/2618 time=0.002 ms
2026-09-25 14:19:40.492 UTC [9630] DEBUG:  checkpoint sync: number=60 file=base/16575/4167 time=0.002 ms
2026-09-25 14:19:40.492 UTC [9630] DEBUG:  checkpoint sync: number=61 file=base/16507/3764_fsm time=0.002 ms
2026-09-25 14:19:40.492 UTC [9630] DEBUG:  checkpoint sync: number=62 file=base/16507/2615 time=0.001 ms
2026-09-25 14:19:40.492 UTC [9630] DEBUG:  checkpoint sync: number=63 file=base/16507/2606_fsm time=0.002 ms
2026-09-25 14:19:40.492 UTC [9630] DEBUG:  checkpoint sync: number=64 file=base/16575/1259_vm time=0.000 ms
2026-09-25 14:19:40.492 UTC [9630] DEBUG:  checkpoint sync: number=65 file=base/16507/4155 time=0.002 ms
2026-09-25 14:19:40.492 UTC [9630] DEBUG:  checkpoint sync: number=66 file=base/16507/6112 time=0.002 ms
2026-09-25 14:19:40.492 UTC [9630] DEBUG:  checkpoint sync: number=67 file=base/16575/2655 time=0.001 ms
2026-09-25 14:19:40.492 UTC [9630] DEBUG:  checkpoint sync: number=68 file=base/16507/2601_fsm time=0.002 ms
2026-09-25 14:19:40.492 UTC [9630] DEBUG:  checkpoint sync: number=69 file=base/16507/16547_fsm time=0.001 ms
2026-09-25 14:19:40.492 UTC [9630] DEBUG:  checkpoint sync: number=70 file=base/16507/13516_vm time=0.002 ms
2026-09-25 14:19:40.492 UTC [9630] DEBUG:  checkpoint sync: number=71 file=base/16575/2704 time=0.001 ms
2026-09-25 14:19:40.492 UTC [9630] DEBUG:  checkpoint sync: number=72 file=base/16507/2611 time=0.002 ms
2026-09-25 14:19:40.492 UTC [9630] DEBUG:  checkpoint sync: number=73 file=base/16575/2831 time=0.001 ms
2026-09-25 14:19:40.492 UTC [9630] DEBUG:  checkpoint sync: number=74 file=base/16575/2601 time=0.011 ms
2026-09-25 14:19:40.492 UTC [9630] DEBUG:  checkpoint sync: number=75 file=base/16575/3258 time=0.001 ms
2026-09-25 14:19:40.492 UTC [9630] DEBUG:  checkpoint sync: number=76 file=base/16507/3712 time=0.002 ms
2026-09-25 14:19:40.492 UTC [9630] DEBUG:  checkpoint sync: number=77 file=base/16575/6102 time=0.002 ms
2026-09-25 14:19:40.492 UTC [9630] DEBUG:  checkpoint sync: number=78 file=base/16507/16557_fsm time=0.001 ms
2026-09-25 14:19:40.492 UTC [9630] DEBUG:  checkpoint sync: number=79 file=base/16575/6117 time=0.001 ms
2026-09-25 14:19:40.492 UTC [9630] DEBUG:  checkpoint sync: number=80 file=base/16507/2603 time=0.002 ms
2026-09-25 14:19:40.492 UTC [9630] DEBUG:  checkpoint sync: number=81 file=base/16507/175 time=0.002 ms
2026-09-25 14:19:40.492 UTC [9630] DEBUG:  checkpoint sync: number=82 file=base/16575/549 time=0.000 ms
2026-09-25 14:19:40.492 UTC [9630] DEBUG:  checkpoint sync: number=83 file=base/16575/1255_vm time=0.000 ms
2026-09-25 14:19:40.492 UTC [9630] DEBUG:  checkpoint sync: number=84 file=base/16575/6176 time=0.000 ms
2026-09-25 14:19:40.492 UTC [9630] DEBUG:  checkpoint sync: number=85 file=base/16575/2654 time=0.000 ms
2026-09-25 14:19:40.492 UTC [9630] DEBUG:  checkpoint sync: number=86 file=base/16575/3608 time=0.001 ms
2026-09-25 14:19:40.492 UTC [9630] DEBUG:  checkpoint sync: number=87 file=base/16575/16616_vm time=0.000 ms
2026-09-25 14:19:40.492 UTC [9630] DEBUG:  checkpoint sync: number=88 file=base/16575/1249_fsm time=0.001 ms
2026-09-25 14:19:40.492 UTC [9630] DEBUG:  checkpoint sync: number=89 file=base/16507/2615_vm time=0.001 ms
2026-09-25 14:19:40.492 UTC [9630] DEBUG:  checkpoint sync: number=90 file=base/16575/3257 time=0.001 ms
2026-09-25 14:19:40.492 UTC [9630] DEBUG:  checkpoint sync: number=91 file=base/16575/2616_vm time=0.001 ms
2026-09-25 14:19:40.492 UTC [9630] DEBUG:  checkpoint sync: number=92 file=base/16507/2666 time=0.002 ms
2026-09-25 14:19:40.492 UTC [9630] DEBUG:  checkpoint sync: number=93 file=base/16575/3119 time=0.001 ms
2026-09-25 14:19:40.492 UTC [9630] DEBUG:  checkpoint sync: number=94 file=base/16575/13514 time=0.002 ms
2026-09-25 14:19:40.492 UTC [9630] DEBUG:  checkpoint sync: number=95 file=base/16575/2840_fsm time=0.001 ms
2026-09-25 14:19:40.492 UTC [9630] DEBUG:  checkpoint sync: number=96 file=base/16575/2682 time=0.001 ms
2026-09-25 14:19:40.492 UTC [9630] DEBUG:  checkpoint sync: number=97 file=base/16575/2611 time=0.002 ms
2026-09-25 14:19:40.492 UTC [9630] DEBUG:  checkpoint sync: number=98 file=base/16575/16621 time=0.000 ms
2026-09-25 14:19:40.492 UTC [9630] DEBUG:  checkpoint sync: number=99 file=base/16507/2680 time=0.002 ms
2026-09-25 14:19:40.492 UTC [9630] DEBUG:  checkpoint sync: number=100 file=base/16507/2612 time=0.002 ms
2026-09-25 14:19:40.492 UTC [9630] DEBUG:  checkpoint sync: number=101 file=base/16507/2840_vm time=0.001 ms
2026-09-25 14:19:40.492 UTC [9630] DEBUG:  checkpoint sync: number=102 file=base/16507/2617 time=0.002 ms
2026-09-25 14:19:40.492 UTC [9630] DEBUG:  checkpoint sync: number=103 file=base/16575/1247_fsm time=0.001 ms
2026-09-25 14:19:40.492 UTC [9630] DEBUG:  checkpoint sync: number=104 file=base/16507/3764_vm time=0.002 ms
2026-09-25 14:19:40.492 UTC [9630] DEBUG:  checkpoint sync: number=105 file=base/16575/2606_vm time=0.001 ms
2026-09-25 14:19:40.492 UTC [9630] DEBUG:  checkpoint sync: number=106 file=base/16575/3997 time=0.001 ms
2026-09-25 14:19:40.492 UTC [9630] DEBUG:  checkpoint sync: number=107 file=base/16575/13516 time=0.001 ms
2026-09-25 14:19:40.492 UTC [9630] DEBUG:  checkpoint sync: number=108 file=base/16575/2607 time=0.001 ms
2026-09-25 14:19:40.492 UTC [9630] DEBUG:  checkpoint sync: number=109 file=base/16575/2666 time=0.000 ms
2026-09-25 14:19:40.492 UTC [9630] DEBUG:  checkpoint sync: number=110 file=base/16575/3603_vm time=0.001 ms
2026-09-25 14:19:40.492 UTC [9630] DEBUG:  checkpoint sync: number=111 file=base/16507/3395 time=0.002 ms
2026-09-25 14:19:40.492 UTC [9630] DEBUG:  checkpoint sync: number=112 file=base/16507/16545 time=0.001 ms
2026-09-25 14:19:40.492 UTC [9630] DEBUG:  checkpoint sync: number=113 file=base/16507/174 time=0.002 ms
2026-09-25 14:19:40.492 UTC [9630] DEBUG:  checkpoint sync: number=114 file=base/16507/2602 time=0.002 ms
2026-09-25 14:19:40.492 UTC [9630] DEBUG:  checkpoint sync: number=115 file=base/16507/2613 time=0.002 ms
2026-09-25 14:19:40.492 UTC [9630] DEBUG:  checkpoint sync: number=116 file=base/16575/4165 time=0.002 ms
2026-09-25 14:19:40.492 UTC [9630] DEBUG:  checkpoint sync: number=117 file=base/16575/3395 time=0.001 ms
2026-09-25 14:19:40.492 UTC [9630] DEBUG:  checkpoint sync: number=118 file=base/16575/13524 time=0.002 ms
2026-09-25 14:19:40.492 UTC [9630] DEBUG:  checkpoint sync: number=119 file=base/16507/13511 time=0.002 ms
2026-09-25 14:19:40.492 UTC [9630] DEBUG:  checkpoint sync: number=120 file=base/16575/2651 time=0.001 ms
2026-09-25 14:19:40.492 UTC [9630] DEBUG:  checkpoint sync: number=121 file=base/16575/16596_fsm time=0.000 ms
2026-09-25 14:19:40.492 UTC [9630] DEBUG:  checkpoint sync: number=122 file=base/16507/16547_vm time=0.000 ms
2026-09-25 14:19:40.492 UTC [9630] DEBUG:  checkpoint sync: number=123 file=base/16575/2579 time=0.001 ms
2026-09-25 14:19:40.492 UTC [9630] DEBUG:  checkpoint sync: number=124 file=base/16575/2619_vm time=0.001 ms
2026-09-25 14:19:40.492 UTC [9630] DEBUG:  checkpoint sync: number=125 file=base/16575/16613 time=0.000 ms
2026-09-25 14:19:40.492 UTC [9630] DEBUG:  checkpoint sync: number=126 file=base/16507/3430 time=0.002 ms
2026-09-25 14:19:40.492 UTC [9630] DEBUG:  checkpoint sync: number=127 file=base/16507/2757 time=0.002 ms
2026-09-25 14:19:40.492 UTC [9630] DEBUG:  checkpoint sync: number=128 file=base/16575/2703 time=0.001 ms
2026-09-25 14:19:40.492 UTC [9630] DEBUG:  checkpoint sync: number=129 file=base/16575/2617 time=0.001 ms
2026-09-25 14:19:40.492 UTC [9630] DEBUG:  checkpoint sync: number=130 file=base/16575/2616_fsm time=0.000 ms
2026-09-25 14:19:40.492 UTC [9630] DEBUG:  checkpoint sync: number=131 file=base/16575/2840 time=0.000 ms
2026-09-25 14:19:40.492 UTC [9630] DEBUG:  checkpoint sync: number=132 file=base/16575/1255_fsm time=0.000 ms
2026-09-25 14:19:40.492 UTC [9630] DEBUG:  checkpoint sync: number=133 file=base/16507/3576 time=0.002 ms
2026-09-25 14:19:40.492 UTC [9630] DEBUG:  checkpoint sync: number=134 file=base/16507/4149 time=0.002 ms
2026-09-25 14:19:40.492 UTC [9630] DEBUG:  checkpoint sync: number=135 file=base/16575/3468 time=0.001 ms
2026-09-25 14:19:40.492 UTC [9630] DEBUG:  checkpoint sync: number=136 file=base/16507/4160 time=0.002 ms
2026-09-25 14:19:40.492 UTC [9630] DEBUG:  checkpoint sync: number=137 file=base/16507/2670 time=0.002 ms
2026-09-25 14:19:40.492 UTC [9630] DEBUG:  checkpoint sync: number=138 file=base/16507/6176 time=0.002 ms
2026-09-25 14:19:40.492 UTC [9630] DEBUG:  checkpoint sync: number=139 file=base/16507/2612_fsm time=0.002 ms
2026-09-25 14:19:40.492 UTC [9630] DEBUG:  checkpoint sync: number=140 file=base/16507/3600 time=0.002 ms
2026-09-25 14:19:40.492 UTC [9630] DEBUG:  checkpoint sync: number=141 file=base/16507/2833 time=0.002 ms
2026-09-25 14:19:40.492 UTC [9630] DEBUG:  checkpoint sync: number=142 file=base/16575/2618_vm time=0.000 ms
2026-09-25 14:19:40.492 UTC [9630] DEBUG:  checkpoint sync: number=143 file=base/16575/16612 time=0.000 ms
2026-09-25 14:19:40.492 UTC [9630] DEBUG:  checkpoint sync: number=144 file=base/16507/2650 time=0.002 ms
2026-09-25 14:19:40.492 UTC [9630] DEBUG:  checkpoint sync: number=145 file=base/16507/3380 time=0.002 ms
2026-09-25 14:19:40.492 UTC [9630] DEBUG:  checkpoint sync: number=146 file=base/16507/6113 time=0.002 ms
2026-09-25 14:19:40.492 UTC [9630] DEBUG:  checkpoint sync: number=147 file=base/16575/2836_fsm time=0.001 ms
2026-09-25 14:19:40.492 UTC [9630] DEBUG:  checkpoint sync: number=148 file=base/16575/2607_vm time=0.000 ms
2026-09-25 14:19:40.492 UTC [9630] DEBUG:  checkpoint sync: number=149 file=global/2677 time=0.000 ms
2026-09-25 14:19:40.492 UTC [9630] DEBUG:  checkpoint sync: number=150 file=base/16575/4172 time=0.000 ms
2026-09-25 14:19:40.492 UTC [9630] DEBUG:  checkpoint sync: number=151 file=base/16575/2670 time=0.001 ms
2026-09-25 14:19:40.492 UTC [9630] DEBUG:  checkpoint sync: number=152 file=base/16575/6104 time=0.002 ms
2026-09-25 14:19:40.492 UTC [9630] DEBUG:  checkpoint sync: number=153 file=global/2671 time=0.001 ms
2026-09-25 14:19:40.492 UTC [9630] DEBUG:  checkpoint sync: number=154 file=base/16575/2615_vm time=0.001 ms
2026-09-25 14:19:40.492 UTC [9630] DEBUG:  checkpoint sync: number=155 file=base/16507/2605_fsm time=0.002 ms
2026-09-25 14:19:40.492 UTC [9630] DEBUG:  checkpoint sync: number=156 file=base/16507/3467 time=0.002 ms
2026-09-25 14:19:40.492 UTC [9630] DEBUG:  checkpoint sync: number=157 file=base/16507/3456 time=0.002 ms
2026-09-25 14:19:40.492 UTC [9630] DEBUG:  checkpoint sync: number=158 file=base/16507/6237 time=0.002 ms
2026-09-25 14:19:40.492 UTC [9630] DEBUG:  checkpoint sync: number=159 file=base/16575/6111 time=0.001 ms
2026-09-25 14:19:40.492 UTC [9630] DEBUG:  checkpoint sync: number=160 file=base/16507/2602_fsm time=0.001 ms
2026-09-25 14:19:40.492 UTC [9630] DEBUG:  checkpoint sync: number=161 file=base/16575/2656 time=0.000 ms
2026-09-25 14:19:40.492 UTC [9630] DEBUG:  checkpoint sync: number=162 file=base/16507/3079_vm time=0.001 ms
2026-09-25 14:19:40.492 UTC [9630] DEBUG:  checkpoint sync: number=163 file=base/16507/16543_fsm time=0.002 ms
2026-09-25 14:19:40.492 UTC [9630] DEBUG:  checkpoint sync: number=164 file=base/16575/6239 time=0.001 ms
2026-09-25 14:19:40.492 UTC [9630] DEBUG:  checkpoint sync: number=165 file=base/16507/4156 time=0.002 ms
2026-09-25 14:19:40.492 UTC [9630] DEBUG:  checkpoint sync: number=166 file=base/16575/2840_vm time=0.000 ms
2026-09-25 14:19:40.492 UTC [9630] DEBUG:  checkpoint sync: number=167 file=base/16507/6111 time=0.001 ms
2026-09-25 14:19:40.492 UTC [9630] DEBUG:  checkpoint sync: number=168 file=base/16507/3381 time=0.001 ms
2026-09-25 14:19:40.492 UTC [9630] DEBUG:  checkpoint sync: number=169 file=base/16507/5002 time=0.002 ms
2026-09-25 14:19:40.492 UTC [9630] DEBUG:  checkpoint sync: number=170 file=base/16575/4163 time=0.002 ms
2026-09-25 14:19:40.492 UTC [9630] DEBUG:  checkpoint sync: number=171 file=base/16575/2686 time=0.001 ms
2026-09-25 14:19:40.492 UTC [9630] DEBUG:  checkpoint sync: number=172 file=base/16507/2615_fsm time=0.002 ms
2026-09-25 14:19:40.492 UTC [9630] DEBUG:  checkpoint sync: number=173 file=base/16575/4151 time=0.002 ms
2026-09-25 14:19:40.492 UTC [9630] DEBUG:  checkpoint sync: number=174 file=base/16507/2753 time=0.002 ms
2026-09-25 14:19:40.492 UTC [9630] DEBUG:  checkpoint sync: number=175 file=base/16507/3600_fsm time=0.002 ms
2026-09-25 14:19:40.492 UTC [9630] DEBUG:  checkpoint sync: number=176 file=base/16575/3350 time=0.002 ms
2026-09-25 14:19:40.492 UTC [9630] DEBUG:  checkpoint sync: number=177 file=base/16575/4147 time=0.002 ms
2026-09-25 14:19:40.492 UTC [9630] DEBUG:  checkpoint sync: number=178 file=base/16507/2691 time=0.001 ms
2026-09-25 14:19:40.492 UTC [9630] DEBUG:  checkpoint sync: number=179 file=base/16507/3541 time=0.002 ms
2026-09-25 14:19:40.492 UTC [9630] DEBUG:  checkpoint sync: number=180 file=base/16507/3541_vm time=0.002 ms
2026-09-25 14:19:40.492 UTC [9630] DEBUG:  checkpoint sync: number=181 file=base/16575/3764 time=0.001 ms
2026-09-25 14:19:40.492 UTC [9630] DEBUG:  checkpoint sync: number=182 file=base/16507/3257 time=0.002 ms
2026-09-25 14:19:40.492 UTC [9630] DEBUG:  checkpoint sync: number=183 file=base/16507/3602_fsm time=0.002 ms
2026-09-25 14:19:40.492 UTC [9630] DEBUG:  checkpoint sync: number=184 file=base/16507/4158 time=0.002 ms
2026-09-25 14:19:40.492 UTC [9630] DEBUG:  checkpoint sync: number=185 file=base/16575/4154 time=0.000 ms
2026-09-25 14:19:40.492 UTC [9630] DEBUG:  checkpoint sync: number=186 file=base/16575/2608_fsm time=0.001 ms
2026-09-25 14:19:40.492 UTC [9630] DEBUG:  checkpoint sync: number=187 file=base/16575/3601 time=0.001 ms
2026-09-25 14:19:40.492 UTC [9630] DEBUG:  checkpoint sync: number=188 file=base/16575/2603_vm time=0.001 ms
2026-09-25 14:19:40.492 UTC [9630] DEBUG:  checkpoint sync: number=189 file=base/16507/4151 time=0.002 ms
2026-09-25 14:19:40.492 UTC [9630] DEBUG:  checkpoint sync: number=190 file=base/16575/2684 time=0.000 ms
2026-09-25 14:19:40.492 UTC [9630] DEBUG:  checkpoint sync: number=191 file=base/16575/3602_vm time=0.000 ms
2026-09-25 14:19:40.492 UTC [9630] DEBUG:  checkpoint sync: number=192 file=base/16507/2837 time=0.002 ms
2026-09-25 14:19:40.492 UTC [9630] DEBUG:  checkpoint sync: number=193 file=base/16507/13519 time=0.002 ms
2026-09-25 14:19:40.492 UTC [9630] DEBUG:  checkpoint sync: number=194 file=base/16575/4174 time=0.001 ms
2026-09-25 14:19:40.492 UTC [9630] DEBUG:  checkpoint sync: number=195 file=base/16575/2659 time=0.001 ms
2026-09-25 14:19:40.492 UTC [9630] DEBUG:  checkpoint sync: number=196 file=base/16575/13525 time=0.001 ms
2026-09-25 14:19:40.492 UTC [9630] DEBUG:  checkpoint sync: number=197 file=base/16507/3456_vm time=0.002 ms
2026-09-25 14:19:40.492 UTC [9630] DEBUG:  checkpoint sync: number=198 file=base/16507/1255 time=0.002 ms
2026-09-25 14:19:40.492 UTC [9630] DEBUG:  checkpoint sync: number=199 file=base/16575/2837 time=0.001 ms
2026-09-25 14:19:40.492 UTC [9630] DEBUG:  checkpoint sync: number=200 file=base/16507/4166 time=0.002 ms
2026-09-25 14:19:40.492 UTC [9630] DEBUG:  checkpoint sync: number=201 file=base/16575/6112 time=0.000 ms
2026-09-25 14:19:40.492 UTC [9630] DEBUG:  checkpoint sync: number=202 file=base/16575/2836_vm time=0.000 ms
2026-09-25 14:19:40.492 UTC [9630] DEBUG:  checkpoint sync: number=203 file=base/16575/2756 time=0.000 ms
2026-09-25 14:19:40.492 UTC [9630] DEBUG:  checkpoint sync: number=204 file=base/16507/6175 time=0.001 ms
2026-09-25 14:19:40.492 UTC [9630] DEBUG:  checkpoint sync: number=205 file=base/16507/3379 time=0.002 ms
2026-09-25 14:19:40.492 UTC [9630] DEBUG:  checkpoint sync: number=206 file=base/16507/6106 time=0.002 ms
2026-09-25 14:19:40.492 UTC [9630] DEBUG:  checkpoint sync: number=207 file=base/16575/1259 time=0.000 ms
2026-09-25 14:19:40.492 UTC [9630] DEBUG:  checkpoint sync: number=208 file=base/16507/2612_vm time=0.002 ms
2026-09-25 14:19:40.492 UTC [9630] DEBUG:  checkpoint sync: number=209 file=base/16575/13530 time=0.000 ms
2026-09-25 14:19:40.492 UTC [9630] DEBUG:  checkpoint sync: number=210 file=base/16507/6104 time=0.002 ms
2026-09-25 14:19:40.492 UTC [9630] DEBUG:  checkpoint sync: number=211 file=base/16507/16567 time=0.002 ms
2026-09-25 14:19:40.492 UTC [9630] DEBUG:  checkpoint sync: number=212 file=base/16507/2692 time=0.002 ms
2026-09-25 14:19:40.492 UTC [9630] DEBUG:  checkpoint sync: number=213 file=base/16507/16554 time=0.000 ms
2026-09-25 14:19:40.492 UTC [9630] DEBUG:  checkpoint sync: number=214 file=base/16507/16562_fsm time=0.002 ms
2026-09-25 14:19:40.492 UTC [9630] DEBUG:  checkpoint sync: number=215 file=base/16507/3429 time=0.002 ms
2026-09-25 14:19:40.492 UTC [9630] DEBUG:  checkpoint sync: number=216 file=base/16507/3608 time=0.002 ms
2026-09-25 14:19:40.492 UTC [9630] DEBUG:  checkpoint sync: number=217 file=base/16507/2616_vm time=0.001 ms
2026-09-25 14:19:40.492 UTC [9630] DEBUG:  checkpoint sync: number=218 file=base/16575/3598 time=0.002 ms
2026-09-25 14:19:40.492 UTC [9630] DEBUG:  checkpoint sync: number=219 file=base/16575/3541_vm time=0.000 ms
2026-09-25 14:19:40.492 UTC [9630] DEBUG:  checkpoint sync: number=220 file=base/16575/2834 time=0.002 ms
2026-09-25 14:19:40.492 UTC [9630] DEBUG:  checkpoint sync: number=221 file=base/16575/3456_fsm time=0.001 ms
2026-09-25 14:19:40.492 UTC [9630] DEBUG:  checkpoint sync: number=222 file=base/16507/2675 time=0.002 ms
2026-09-25 14:19:40.492 UTC [9630] DEBUG:  checkpoint sync: number=223 file=base/16507/3600_vm time=0.002 ms
2026-09-25 14:19:40.492 UTC [9630] DEBUG:  checkpoint sync: number=224 file=base/16575/2693 time=0.000 ms
2026-09-25 14:19:40.492 UTC [9630] DEBUG:  checkpoint sync: number=225 file=base/16507/3609 time=0.002 ms
2026-09-25 14:19:40.492 UTC [9630] DEBUG:  checkpoint sync: number=226 file=base/16575/826 time=0.002 ms
2026-09-25 14:19:40.492 UTC [9630] DEBUG:  checkpoint sync: number=227 file=base/16575/3596 time=0.002 ms
2026-09-25 14:19:40.492 UTC [9630] DEBUG:  checkpoint sync: number=228 file=base/16507/2600 time=0.002 ms
2026-09-25 14:19:40.492 UTC [9630] DEBUG:  checkpoint sync: number=229 file=base/16507/3764 time=0.002 ms
2026-09-25 14:19:40.492 UTC [9630] DEBUG:  checkpoint sync: number=230 file=base/16507/2607 time=0.002 ms
2026-09-25 14:19:40.492 UTC [9630] DEBUG:  checkpoint sync: number=231 file=base/16575/4170 time=0.000 ms
2026-09-25 14:19:40.492 UTC [9630] DEBUG:  checkpoint sync: number=232 file=base/16575/2679 time=0.001 ms
2026-09-25 14:19:40.492 UTC [9630] DEBUG:  checkpoint sync: number=233 file=base/16507/2610_vm time=0.002 ms
2026-09-25 14:19:40.492 UTC [9630] DEBUG:  checkpoint sync: number=234 file=base/16575/2753_fsm time=0.000 ms
2026-09-25 14:19:40.492 UTC [9630] DEBUG:  checkpoint sync: number=235 file=base/16575/2613 time=0.002 ms
2026-09-25 14:19:40.492 UTC [9630] DEBUG:  checkpoint sync: number=236 file=base/16507/3455 time=0.002 ms
2026-09-25 14:19:40.492 UTC [9630] DEBUG:  checkpoint sync: number=237 file=base/16507/2696 time=0.000 ms
2026-09-25 14:19:40.492 UTC [9630] DEBUG:  checkpoint sync: number=238 file=base/16575/6352 time=0.000 ms
2026-09-25 14:19:40.493 UTC [9630] DEBUG:  checkpoint sync: number=239 file=base/16507/2754 time=0.002 ms
2026-09-25 14:19:40.493 UTC [9630] DEBUG:  checkpoint sync: number=240 file=base/16507/2651 time=0.002 ms
2026-09-25 14:19:40.493 UTC [9630] DEBUG:  checkpoint sync: number=241 file=base/16507/2610 time=0.001 ms
2026-09-25 14:19:40.493 UTC [9630] DEBUG:  checkpoint sync: number=242 file=base/16507/13521_fsm time=0.002 ms
2026-09-25 14:19:40.493 UTC [9630] DEBUG:  checkpoint sync: number=243 file=base/16507/3350 time=0.002 ms
2026-09-25 14:19:40.493 UTC [9630] DEBUG:  checkpoint sync: number=244 file=base/16507/3440 time=0.002 ms
2026-09-25 14:19:40.493 UTC [9630] DEBUG:  checkpoint sync: number=245 file=base/16507/13516 time=0.002 ms
2026-09-25 14:19:40.493 UTC [9630] DEBUG:  checkpoint sync: number=246 file=base/16575/2605_fsm time=0.001 ms
2026-09-25 14:19:40.493 UTC [9630] DEBUG:  checkpoint sync: number=247 file=base/16575/2608_vm time=0.001 ms
2026-09-25 14:19:40.493 UTC [9630] DEBUG:  checkpoint sync: number=248 file=base/16575/3502 time=0.001 ms
2026-09-25 14:19:40.493 UTC [9630] DEBUG:  checkpoint sync: number=249 file=base/16507/2658 time=0.000 ms
2026-09-25 14:19:40.493 UTC [9630] DEBUG:  checkpoint sync: number=250 file=base/16507/112 time=0.002 ms
2026-09-25 14:19:40.493 UTC [9630] DEBUG:  checkpoint sync: number=251 file=base/16575/16596 time=0.000 ms
2026-09-25 14:19:40.493 UTC [9630] DEBUG:  checkpoint sync: number=252 file=base/16575/2669 time=0.001 ms
2026-09-25 14:19:40.493 UTC [9630] DEBUG:  checkpoint sync: number=253 file=base/16507/4147 time=0.001 ms
2026-09-25 14:19:40.493 UTC [9630] DEBUG:  checkpoint sync: number=254 file=base/16507/3599 time=0.002 ms
2026-09-25 14:19:40.493 UTC [9630] DEBUG:  checkpoint sync: number=255 file=base/16575/2609_fsm time=0.001 ms
2026-09-25 14:19:40.493 UTC [9630] DEBUG:  checkpoint sync: number=256 file=base/16507/2830 time=0.008 ms
2026-09-25 14:19:40.493 UTC [9630] DEBUG:  checkpoint sync: number=257 file=base/16575/2600 time=0.000 ms
2026-09-25 14:19:40.493 UTC [9630] DEBUG:  checkpoint sync: number=258 file=base/16575/2653 time=0.000 ms
2026-09-25 14:19:40.493 UTC [9630] DEBUG:  checkpoint sync: number=259 file=base/16575/4144 time=0.000 ms
2026-09-25 14:19:40.493 UTC [9630] DEBUG:  checkpoint sync: number=260 file=base/16507/4163 time=0.002 ms
2026-09-25 14:19:40.493 UTC [9630] DEBUG:  checkpoint sync: number=261 file=base/16507/4169 time=0.002 ms
2026-09-25 14:19:40.493 UTC [9630] DEBUG:  checkpoint sync: number=262 file=base/16507/2603_fsm time=0.002 ms
2026-09-25 14:19:40.493 UTC [9630] DEBUG:  checkpoint sync: number=263 file=base/16575/6175 time=0.002 ms
2026-09-25 14:19:40.493 UTC [9630] DEBUG:  checkpoint sync: number=264 file=base/16575/16620 time=0.000 ms
2026-09-25 14:19:40.493 UTC [9630] DEBUG:  checkpoint sync: number=265 file=base/16575/2664 time=0.001 ms
2026-09-25 14:19:40.493 UTC [9630] DEBUG:  checkpoint sync: number=266 file=base/16507/4144 time=0.002 ms
2026-09-25 14:19:40.493 UTC [9630] DEBUG:  checkpoint sync: number=267 file=base/16575/4150 time=0.001 ms
2026-09-25 14:19:40.493 UTC [9630] DEBUG:  checkpoint sync: number=268 file=base/16575/16616 time=0.000 ms
2026-09-25 14:19:40.493 UTC [9630] DEBUG:  checkpoint sync: number=269 file=base/16507/2834 time=0.002 ms
2026-09-25 14:19:40.493 UTC [9630] DEBUG:  checkpoint sync: number=270 file=base/16507/3351 time=0.002 ms
2026-09-25 14:19:40.493 UTC [9630] DEBUG:  checkpoint sync: number=271 file=base/16507/3601_vm time=0.001 ms
2026-09-25 14:19:40.493 UTC [9630] DEBUG:  checkpoint sync: number=272 file=base/16507/3256 time=0.002 ms
2026-09-25 14:19:40.493 UTC [9630] DEBUG:  checkpoint sync: number=273 file=base/16575/3541 time=0.001 ms
2026-09-25 14:19:40.493 UTC [9630] DEBUG:  checkpoint sync: number=274 file=base/16575/2753 time=0.000 ms
2026-09-25 14:19:40.493 UTC [9630] DEBUG:  checkpoint sync: number=275 file=base/16507/3468 time=0.025 ms
2026-09-25 14:19:40.493 UTC [9630] DEBUG:  checkpoint sync: number=276 file=base/16575/3379 time=0.001 ms
2026-09-25 14:19:40.493 UTC [9630] DEBUG:  checkpoint sync: number=277 file=base/16575/2601_fsm time=0.000 ms
2026-09-25 14:19:40.493 UTC [9630] DEBUG:  checkpoint sync: number=278 file=global/1260_vm time=0.001 ms
2026-09-25 14:19:40.493 UTC [9630] DEBUG:  checkpoint sync: number=279 file=base/16507/2619_fsm time=0.002 ms
2026-09-25 14:19:40.493 UTC [9630] DEBUG:  checkpoint sync: number=280 file=base/16507/2838_fsm time=0.002 ms
2026-09-25 14:19:40.493 UTC [9630] DEBUG:  checkpoint sync: number=281 file=base/16507/2663 time=0.002 ms
2026-09-25 14:19:40.493 UTC [9630] DEBUG:  checkpoint sync: number=282 file=base/16507/2607_fsm time=0.002 ms
2026-09-25 14:19:40.493 UTC [9630] DEBUG:  checkpoint sync: number=283 file=base/16507/2693 time=0.002 ms
2026-09-25 14:19:40.493 UTC [9630] DEBUG:  checkpoint sync: number=284 file=base/16575/3766 time=0.001 ms
2026-09-25 14:19:40.493 UTC [9630] DEBUG:  checkpoint sync: number=285 file=base/16507/2840_fsm time=0.000 ms
2026-09-25 14:19:40.493 UTC [9630] DEBUG:  checkpoint sync: number=286 file=base/16507/2605 time=0.002 ms
2026-09-25 14:19:40.493 UTC [9630] DEBUG:  checkpoint sync: number=287 file=base/16507/3574 time=0.002 ms
2026-09-25 14:19:40.493 UTC [9630] DEBUG:  checkpoint sync: number=288 file=pg_xact/0000 time=0.005 ms
2026-09-25 14:19:40.493 UTC [9630] DEBUG:  checkpoint sync: number=289 file=base/16575/1255 time=0.000 ms
2026-09-25 14:19:40.493 UTC [9630] DEBUG:  checkpoint sync: number=290 file=base/16507/1255_vm time=0.000 ms
2026-09-25 14:19:40.493 UTC [9630] DEBUG:  checkpoint sync: number=291 file=base/16507/16543 time=0.000 ms
2026-09-25 14:19:40.493 UTC [9630] DEBUG:  checkpoint sync: number=292 file=base/16575/1259_fsm time=0.000 ms
2026-09-25 14:19:40.493 UTC [9630] DEBUG:  checkpoint sync: number=293 file=base/16507/2600_vm time=0.001 ms
2026-09-25 14:19:40.493 UTC [9630] DEBUG:  checkpoint sync: number=294 file=base/16507/16563 time=0.000 ms
2026-09-25 14:19:40.493 UTC [9630] DEBUG:  checkpoint sync: number=295 file=base/16507/4145 time=0.002 ms
2026-09-25 14:19:40.493 UTC [9630] DEBUG:  checkpoint sync: number=296 file=base/16507/2995 time=0.002 ms
2026-09-25 14:19:40.493 UTC [9630] DEBUG:  checkpoint sync: number=297 file=base/16507/2836_vm time=0.002 ms
2026-09-25 14:19:40.493 UTC [9630] DEBUG:  checkpoint sync: number=298 file=base/16575/4152 time=0.001 ms
2026-09-25 14:19:40.493 UTC [9630] DEBUG:  checkpoint sync: number=299 file=base/16507/1249_fsm time=0.000 ms
2026-09-25 14:19:40.493 UTC [9630] DEBUG:  checkpoint sync: number=300 file=base/16575/4157 time=0.002 ms
2026-09-25 14:19:40.493 UTC [9630] DEBUG:  checkpoint sync: number=301 file=base/16575/13511_vm time=0.001 ms
2026-09-25 14:19:40.493 UTC [9630] DEBUG:  checkpoint sync: number=302 file=base/16507/2328 time=0.002 ms
2026-09-25 14:19:40.493 UTC [9630] DEBUG:  checkpoint sync: number=303 file=base/16507/3605 time=0.001 ms
2026-09-25 14:19:40.493 UTC [9630] DEBUG:  checkpoint sync: number=304 file=base/16507/4152 time=0.002 ms
2026-09-25 14:19:40.493 UTC [9630] DEBUG:  checkpoint sync: number=305 file=base/16507/3596 time=0.001 ms
2026-09-25 14:19:40.493 UTC [9630] DEBUG:  checkpoint sync: number=306 file=base/16507/16539 time=0.002 ms
2026-09-25 14:19:40.493 UTC [9630] DEBUG:  checkpoint sync: number=307 file=base/16575/4155 time=0.002 ms
2026-09-25 14:19:40.493 UTC [9630] DEBUG:  checkpoint sync: number=308 file=base/16507/2606_vm time=0.000 ms
2026-09-25 14:19:40.493 UTC [9630] DEBUG:  checkpoint sync: number=309 file=base/16575/1418 time=0.002 ms
2026-09-25 14:19:40.493 UTC [9630] DEBUG:  checkpoint sync: number=310 file=base/16575/5002 time=0.001 ms
2026-09-25 14:19:40.493 UTC [9630] DEBUG:  checkpoint sync: number=311 file=base/16507/2660 time=0.002 ms
2026-09-25 14:19:40.493 UTC [9630] DEBUG:  checkpoint sync: number=312 file=base/16507/16532_vm time=0.000 ms
2026-09-25 14:19:40.493 UTC [9630] DEBUG:  checkpoint sync: number=313 file=base/16575/4171 time=0.003 ms
2026-09-25 14:19:40.493 UTC [9630] DEBUG:  checkpoint sync: number=314 file=base/16575/2657 time=0.000 ms
2026-09-25 14:19:40.493 UTC [9630] DEBUG:  checkpoint sync: number=315 file=base/16507/3604 time=0.002 ms
2026-09-25 14:19:40.493 UTC [9630] DEBUG:  checkpoint sync: number=316 file=global/2676 time=0.000 ms
2026-09-25 14:19:40.493 UTC [9630] DEBUG:  checkpoint sync: number=317 file=base/16507/2702 time=0.001 ms
2026-09-25 14:19:40.493 UTC [9630] DEBUG:  checkpoint sync: number=318 file=base/16507/2609 time=0.002 ms
2026-09-25 14:19:40.493 UTC [9630] DEBUG:  checkpoint sync: number=319 file=base/16575/2606_fsm time=0.000 ms
2026-09-25 14:19:40.493 UTC [9630] DEBUG:  checkpoint sync: number=320 file=base/16507/2755 time=0.002 ms
2026-09-25 14:19:40.493 UTC [9630] DEBUG:  checkpoint sync: number=321 file=base/16507/16572 time=0.002 ms
2026-09-25 14:19:40.493 UTC [9630] DEBUG:  checkpoint sync: number=322 file=base/16575/2755 time=0.001 ms
2026-09-25 14:19:40.493 UTC [9630] DEBUG:  checkpoint sync: number=323 file=base/16575/1249_vm time=0.000 ms
2026-09-25 14:19:40.493 UTC [9630] DEBUG:  checkpoint sync: number=324 file=base/16507/2838_vm time=0.002 ms
2026-09-25 14:19:40.493 UTC [9630] DEBUG:  checkpoint sync: number=325 file=base/16507/2579 time=0.002 ms
2026-09-25 14:19:40.493 UTC [9630] DEBUG:  checkpoint sync: number=326 file=base/16507/16532 time=0.000 ms
2026-09-25 14:19:40.493 UTC [9630] DEBUG:  checkpoint sync: number=327 file=base/16507/16568 time=0.001 ms
2026-09-25 14:19:40.493 UTC [9630] DEBUG:  checkpoint sync: number=328 file=base/16575/1247 time=0.000 ms
2026-09-25 14:19:40.493 UTC [9630] DEBUG:  checkpoint sync: number=329 file=base/16575/2830 time=0.001 ms
2026-09-25 14:19:40.493 UTC [9630] DEBUG:  checkpoint sync: number=330 file=base/16575/2616 time=0.000 ms
2026-09-25 14:19:40.493 UTC [9630] DEBUG:  checkpoint sync: number=331 file=base/16575/2337 time=0.001 ms
2026-09-25 14:19:40.493 UTC [9630] DEBUG:  checkpoint sync: number=332 file=base/16507/2668 time=0.002 ms
2026-09-25 14:19:40.493 UTC [9630] DEBUG:  checkpoint sync: number=333 file=base/16575/3085 time=0.000 ms
2026-09-25 14:19:40.493 UTC [9630] DEBUG:  checkpoint sync: number=334 file=base/16575/3575 time=0.001 ms
2026-09-25 14:19:40.493 UTC [9630] DEBUG:  checkpoint sync: number=335 file=global/1214 time=0.000 ms
2026-09-25 14:19:40.493 UTC [9630] DEBUG:  checkpoint sync: number=336 file=base/16507/2616_fsm time=0.002 ms
2026-09-25 14:19:40.493 UTC [9630] DEBUG:  checkpoint sync: number=337 file=base/16507/2603_vm time=0.001 ms
2026-09-25 14:19:40.493 UTC [9630] DEBUG:  checkpoint sync: number=338 file=base/16575/2678 time=0.000 ms
2026-09-25 14:19:40.493 UTC [9630] DEBUG:  checkpoint sync: number=339 file=base/16575/175 time=0.000 ms
2026-09-25 14:19:40.493 UTC [9630] DEBUG:  checkpoint sync: number=340 file=base/16507/3119 time=0.002 ms
2026-09-25 14:19:40.493 UTC [9630] DEBUG:  checkpoint sync: number=341 file=base/16507/1259_fsm time=0.000 ms
2026-09-25 14:19:40.493 UTC [9630] DEBUG:  checkpoint sync: number=342 file=base/16507/2607_vm time=0.002 ms
2026-09-25 14:19:40.493 UTC [9630] DEBUG:  checkpoint sync: number=343 file=base/16507/13526 time=0.002 ms
2026-09-25 14:19:40.493 UTC [9630] DEBUG:  checkpoint sync: number=344 file=base/16575/13519 time=0.002 ms
2026-09-25 14:19:40.493 UTC [9630] DEBUG:  checkpoint sync: number=345 file=base/16507/3603_fsm time=0.002 ms
2026-09-25 14:19:40.493 UTC [9630] DEBUG:  checkpoint sync: number=346 file=base/16507/1249 time=0.000 ms
2026-09-25 14:19:40.493 UTC [9630] DEBUG:  checkpoint sync: number=347 file=base/16507/3601 time=0.002 ms
2026-09-25 14:19:40.493 UTC [9630] DEBUG:  checkpoint sync: number=348 file=base/16507/2681 time=0.001 ms
2026-09-25 14:19:40.493 UTC [9630] DEBUG:  checkpoint sync: number=349 file=base/16575/2673 time=0.000 ms
2026-09-25 14:19:40.493 UTC [9630] DEBUG:  checkpoint sync: number=350 file=base/16575/2605_vm time=0.000 ms
2026-09-25 14:19:40.493 UTC [9630] DEBUG:  checkpoint sync: number=351 file=base/16575/2833 time=0.001 ms
2026-09-25 14:19:40.493 UTC [9630] DEBUG:  checkpoint sync: number=352 file=base/16507/2840 time=0.000 ms
2026-09-25 14:19:40.493 UTC [9630] DEBUG:  checkpoint sync: number=353 file=base/16575/3433 time=0.000 ms
2026-09-25 14:19:40.493 UTC [9630] DEBUG:  checkpoint sync: number=354 file=base/16507/2682 time=0.001 ms
2026-09-25 14:19:40.493 UTC [9630] DEBUG:  checkpoint sync: number=355 file=base/16507/3606 time=0.002 ms
2026-09-25 14:19:40.493 UTC [9630] DEBUG:  checkpoint sync: number=356 file=base/16507/3766 time=0.002 ms
2026-09-25 14:19:40.493 UTC [9630] DEBUG:  checkpoint sync: number=357 file=base/16507/16561 time=0.002 ms
2026-09-25 14:19:40.493 UTC [9630] DEBUG:  checkpoint sync: number=358 file=base/16575/2652 time=0.000 ms
2026-09-25 14:19:40.493 UTC [9630] DEBUG:  checkpoint sync: number=359 file=base/16507/13525 time=0.002 ms
2026-09-25 14:19:40.493 UTC [9630] DEBUG:  checkpoint sync: number=360 file=base/16575/2609_vm time=0.001 ms
2026-09-25 14:19:40.493 UTC [9630] DEBUG:  checkpoint sync: number=361 file=base/16575/3601_vm time=0.000 ms
2026-09-25 14:19:40.493 UTC [9630] DEBUG:  checkpoint sync: number=362 file=base/16575/3712 time=0.000 ms
2026-09-25 14:19:40.493 UTC [9630] DEBUG:  checkpoint sync: number=363 file=base/16575/2702 time=0.000 ms
2026-09-25 14:19:40.493 UTC [9630] DEBUG:  checkpoint sync: number=364 file=base/16575/13526_vm time=0.000 ms
2026-09-25 14:19:40.493 UTC [9630] DEBUG:  checkpoint sync: number=365 file=base/16575/2690 time=0.000 ms
2026-09-25 14:19:40.493 UTC [9630] DEBUG:  checkpoint sync: number=366 file=base/16575/2604 time=0.000 ms
2026-09-25 14:19:40.493 UTC [9630] DEBUG:  checkpoint sync: number=367 file=base/16507/2835 time=0.002 ms
2026-09-25 14:19:40.493 UTC [9630] DEBUG:  checkpoint sync: number=368 file=base/16575/828 time=0.000 ms
2026-09-25 14:19:40.493 UTC [9630] DEBUG:  checkpoint sync: number=369 file=base/16507/2608 time=0.000 ms
2026-09-25 14:19:40.493 UTC [9630] DEBUG:  checkpoint sync: number=370 file=base/16507/16560 time=0.004 ms
2026-09-25 14:19:40.493 UTC [9630] DEBUG:  checkpoint sync: number=371 file=base/16575/6351 time=0.002 ms
2026-09-25 14:19:40.493 UTC [9630] DEBUG:  checkpoint sync: number=372 file=base/16575/3607 time=0.000 ms
2026-09-25 14:19:40.493 UTC [9630] DEBUG:  checkpoint sync: number=373 file=base/16575/6116 time=0.000 ms
2026-09-25 14:19:40.493 UTC [9630] DEBUG:  checkpoint sync: number=374 file=base/16575/2662 time=0.000 ms
2026-09-25 14:19:40.493 UTC [9630] DEBUG:  checkpoint sync: number=375 file=base/16575/113 time=0.000 ms
2026-09-25 14:19:40.493 UTC [9630] DEBUG:  checkpoint sync: number=376 file=base/16507/2673 time=0.001 ms
2026-09-25 14:19:40.493 UTC [9630] DEBUG:  checkpoint sync: number=377 file=base/16507/3607 time=0.002 ms
2026-09-25 14:19:40.493 UTC [9630] DEBUG:  checkpoint sync: number=378 file=base/16575/3599 time=0.001 ms
2026-09-25 14:19:40.493 UTC [9630] DEBUG:  checkpoint sync: number=379 file=base/16575/3079_vm time=0.000 ms
2026-09-25 14:19:40.493 UTC [9630] DEBUG:  checkpoint sync: number=380 file=base/16575/3541_fsm time=0.000 ms
2026-09-25 14:19:40.493 UTC [9630] DEBUG:  checkpoint sync: number=381 file=base/16507/2228 time=0.002 ms
2026-09-25 14:19:40.493 UTC [9630] DEBUG:  checkpoint sync: number=382 file=base/16507/16573 time=0.002 ms
2026-09-25 14:19:40.493 UTC [9630] DEBUG:  checkpoint sync: number=383 file=base/16507/3534 time=0.002 ms
2026-09-25 14:19:40.493 UTC [9630] DEBUG:  checkpoint sync: number=384 file=base/16575/4145 time=0.002 ms
2026-09-25 14:19:40.493 UTC [9630] DEBUG:  checkpoint sync: number=385 file=base/16507/13511_fsm time=0.003 ms
2026-09-25 14:19:40.493 UTC [9630] DEBUG:  checkpoint sync: number=386 file=global/1260 time=0.001 ms
2026-09-25 14:19:40.493 UTC [9630] DEBUG:  checkpoint sync: number=387 file=base/16507/2619 time=0.002 ms
2026-09-25 14:19:40.493 UTC [9630] DEBUG:  checkpoint sync: number=388 file=base/16575/3431 time=0.001 ms
2026-09-25 14:19:40.493 UTC [9630] DEBUG:  checkpoint sync: number=389 file=base/16575/2668 time=0.001 ms
2026-09-25 14:19:40.493 UTC [9630] DEBUG:  checkpoint sync: number=390 file=base/16507/2605_vm time=0.003 ms
2026-09-25 14:19:40.493 UTC [9630] DEBUG:  checkpoint sync: number=391 file=base/16575/2757 time=0.001 ms
2026-09-25 14:19:40.493 UTC [9630] DEBUG:  checkpoint sync: number=392 file=base/16575/2835 time=0.000 ms
2026-09-25 14:19:40.493 UTC [9630] DEBUG:  checkpoint sync: number=393 file=base/16575/13521 time=0.001 ms
2026-09-25 14:19:40.493 UTC [9630] DEBUG:  checkpoint sync: number=394 file=base/16507/2701 time=0.003 ms
2026-09-25 14:19:40.493 UTC [9630] DEBUG:  checkpoint sync: number=395 file=base/16507/4165 time=0.002 ms
2026-09-25 14:19:40.493 UTC [9630] DEBUG:  checkpoint sync: number=396 file=base/16575/1247_vm time=0.002 ms
2026-09-25 14:19:40.493 UTC [9630] DEBUG:  checkpoint sync: number=397 file=global/2672 time=0.000 ms
2026-09-25 14:19:40.493 UTC [9630] DEBUG:  checkpoint sync: number=398 file=base/16507/2618_vm time=0.003 ms
2026-09-25 14:19:40.493 UTC [9630] DEBUG:  checkpoint sync: number=399 file=base/16575/4160 time=0.001 ms
2026-09-25 14:19:40.493 UTC [9630] DEBUG:  checkpoint sync: number=400 file=base/16575/3440 time=0.002 ms
2026-09-25 14:19:40.493 UTC [9630] DEBUG:  checkpoint sync: number=401 file=base/16575/16603 time=0.000 ms
2026-09-25 14:19:40.493 UTC [9630] DEBUG:  checkpoint sync: number=402 file=base/16507/1417 time=0.003 ms
2026-09-25 14:19:40.493 UTC [9630] DEBUG:  checkpoint sync: number=403 file=base/16575/2328 time=0.002 ms
2026-09-25 14:19:40.493 UTC [9630] DEBUG:  checkpoint sync: number=404 file=base/16507/6117 time=0.003 ms
2026-09-25 14:19:40.493 UTC [9630] DEBUG:  checkpoint sync: number=405 file=base/16575/3603_fsm time=0.001 ms
2026-09-25 14:19:40.493 UTC [9630] DEBUG:  checkpoint sync: number=406 file=base/16507/4174 time=0.002 ms
2026-09-25 14:19:40.493 UTC [9630] DEBUG:  checkpoint sync: number=407 file=base/16507/2608_vm time=0.000 ms
2026-09-25 14:19:40.493 UTC [9630] DEBUG:  checkpoint sync: number=408 file=base/16507/2996 time=0.003 ms
2026-09-25 14:19:40.493 UTC [9630] DEBUG:  checkpoint sync: number=409 file=base/16507/2704 time=0.002 ms
2026-09-25 14:19:40.493 UTC [9630] DEBUG:  checkpoint sync: number=410 file=base/16575/3467 time=0.001 ms
2026-09-25 14:19:40.493 UTC [9630] DEBUG:  checkpoint sync: number=411 file=base/16575/3381 time=0.002 ms
2026-09-25 14:19:40.493 UTC [9630] DEBUG:  checkpoint sync: number=412 file=base/16507/548 time=0.002 ms
2026-09-25 14:19:40.493 UTC [9630] DEBUG:  checkpoint sync: number=413 file=base/16507/6116 time=0.003 ms
2026-09-25 14:19:40.493 UTC [9630] DEBUG:  checkpoint sync: number=414 file=base/16575/4146 time=0.002 ms
2026-09-25 14:19:40.493 UTC [9630] DEBUG:  checkpoint sync: number=415 file=base/16575/2603 time=0.001 ms
2026-09-25 14:19:40.493 UTC [9630] DEBUG:  checkpoint sync: number=416 file=base/16507/1247_vm time=0.000 ms
2026-09-25 14:19:40.493 UTC [9630] DEBUG:  checkpoint sync: number=417 file=base/16507/2756 time=0.002 ms
2026-09-25 14:19:40.493 UTC [9630] DEBUG:  checkpoint sync: number=418 file=base/16575/2838 time=0.001 ms
2026-09-25 14:19:40.493 UTC [9630] DEBUG:  checkpoint sync: number=419 file=base/16575/6229 time=0.001 ms
2026-09-25 14:19:40.493 UTC [9630] DEBUG:  checkpoint sync: number=420 file=base/16507/2831 time=0.002 ms
2026-09-25 14:19:40.493 UTC [9630] DEBUG:  checkpoint sync: number=421 file=global/1233 time=0.001 ms
2026-09-25 14:19:40.493 UTC [9630] DEBUG:  checkpoint sync: number=422 file=base/16575/2667 time=0.000 ms
2026-09-25 14:19:40.493 UTC [9630] DEBUG:  checkpoint sync: number=423 file=base/16575/2615 time=0.001 ms
2026-09-25 14:19:40.493 UTC [9630] DEBUG:  checkpoint sync: number=424 file=base/16507/2665 time=0.002 ms
2026-09-25 14:19:40.493 UTC [9630] DEBUG:  checkpoint sync: number=425 file=base/16575/4159 time=0.003 ms
2026-09-25 14:19:40.493 UTC [9630] DEBUG:  checkpoint sync: number=426 file=base/16507/3080 time=0.003 ms
2026-09-25 14:19:40.493 UTC [9630] DEBUG:  checkpoint sync: number=427 file=base/16575/13521_fsm time=0.000 ms
2026-09-25 14:19:40.493 UTC [9630] DEBUG:  checkpoint sync: number=428 file=base/16575/2619_fsm time=0.001 ms
2026-09-25 14:19:40.493 UTC [9630] DEBUG:  checkpoint sync: number=429 file=base/16575/2674 time=0.001 ms
2026-09-25 14:19:40.493 UTC [9630] DEBUG:  checkpoint sync: number=430 file=base/16575/2685 time=0.000 ms
2026-09-25 14:19:40.493 UTC [9630] DEBUG:  checkpoint sync: number=431 file=base/16575/2612 time=0.000 ms
2026-09-25 14:19:40.493 UTC [9630] DEBUG:  checkpoint sync: number=432 file=base/16575/16603_fsm time=0.000 ms
2026-09-25 14:19:40.493 UTC [9630] DEBUG:  checkpoint sync: number=433 file=global/1262 time=0.000 ms
2026-09-25 14:19:40.493 UTC [9630] DEBUG:  checkpoint sync: number=434 file=base/16507/2684 time=0.001 ms
2026-09-25 14:19:40.493 UTC [9630] DEBUG:  checkpoint sync: number=435 file=base/16507/3602 time=0.003 ms
2026-09-25 14:19:40.493 UTC [9630] DEBUG:  checkpoint sync: number=436 file=base/16575/2602_vm time=0.002 ms
2026-09-25 14:19:40.493 UTC [9630] DEBUG:  checkpoint sync: number=437 file=base/16575/2603_fsm time=0.001 ms
2026-09-25 14:19:40.493 UTC [9630] DEBUG:  checkpoint sync: number=438 file=base/16507/3541_fsm time=0.002 ms
2026-09-25 14:19:40.493 UTC [9630] DEBUG:  checkpoint sync: number=439 file=base/16507/4172 time=0.002 ms
2026-09-25 14:19:40.493 UTC [9630] DEBUG:  checkpoint sync: number=440 file=base/16575/4148 time=0.001 ms
2026-09-25 14:19:40.493 UTC [9630] DEBUG:  checkpoint sync: number=441 file=base/16575/2602_fsm time=0.001 ms
2026-09-25 14:19:40.493 UTC [9630] DEBUG:  checkpoint sync: number=442 file=base/16575/2995 time=0.002 ms
2026-09-25 14:19:40.493 UTC [9630] DEBUG:  checkpoint sync: number=443 file=base/16507/3164 time=0.003 ms
2026-09-25 14:19:40.493 UTC [9630] DEBUG:  checkpoint sync: number=444 file=base/16507/2606 time=0.003 ms
2026-09-25 14:19:40.493 UTC [9630] DEBUG:  checkpoint sync: number=445 file=base/16575/16600 time=0.003 ms
2026-09-25 14:19:40.493 UTC [9630] DEBUG:  checkpoint sync: number=446 file=base/16507/13526_vm time=0.003 ms
2026-09-25 14:19:40.493 UTC [9630] DEBUG:  checkpoint sync: number=447 file=base/16507/3466 time=0.002 ms
2026-09-25 14:19:40.493 UTC [9630] DEBUG:  checkpoint sync: number=448 file=base/16507/13524 time=0.002 ms
2026-09-25 14:19:40.493 UTC [9630] DEBUG:  checkpoint sync: number=449 file=base/16575/4153 time=0.003 ms
2026-09-25 14:19:40.493 UTC [9630] DEBUG:  checkpoint sync: number=450 file=base/16507/4170 time=0.003 ms
2026-09-25 14:19:40.493 UTC [9630] DEBUG:  checkpoint sync: number=451 file=base/16507/16554_fsm time=0.003 ms
2026-09-25 14:19:40.493 UTC [9630] DEBUG:  checkpoint sync: number=452 file=pg_multixact/offsets/0000 time=0.005 ms
2026-09-25 14:19:40.493 UTC [9630] DEBUG:  checkpoint sync: number=453 file=base/16507/13514 time=0.003 ms
2026-09-25 14:19:40.493 UTC [9630] DEBUG:  checkpoint sync: number=454 file=base/16575/3606 time=0.001 ms
2026-09-25 14:19:40.493 UTC [9630] DEBUG:  checkpoint sync: number=455 file=base/16575/6238 time=0.002 ms
2026-09-25 14:19:40.493 UTC [9630] DEBUG:  checkpoint sync: number=456 file=base/16575/2612_vm time=0.000 ms
2026-09-25 14:19:40.493 UTC [9630] DEBUG:  checkpoint sync: number=457 file=base/16507/6102 time=0.005 ms
2026-09-25 14:19:40.493 UTC [9630] DEBUG:  checkpoint sync: number=458 file=base/16507/2679 time=0.002 ms
2026-09-25 14:19:40.493 UTC [9630] DEBUG:  checkpoint sync: number=459 file=base/16507/4154 time=0.003 ms
2026-09-25 14:19:40.493 UTC [9630] DEBUG:  checkpoint sync: number=460 file=base/16575/4169 time=0.002 ms
2026-09-25 14:19:40.493 UTC [9630] DEBUG:  checkpoint sync: number=461 file=base/16507/2601_vm time=0.002 ms
2026-09-25 14:19:40.493 UTC [9630] DEBUG:  checkpoint sync: number=462 file=base/16575/3079_fsm time=0.001 ms
2026-09-25 14:19:40.493 UTC [9630] DEBUG:  checkpoint sync: number=463 file=base/16507/13511_vm time=0.003 ms
2026-09-25 14:19:40.493 UTC [9630] DEBUG:  checkpoint sync: number=464 file=base/16575/3439 time=0.003 ms
2026-09-25 14:19:40.493 UTC [9630] DEBUG:  checkpoint sync: number=465 file=base/16575/13529 time=0.003 ms
2026-09-25 14:19:40.493 UTC [9630] DEBUG:  checkpoint sync: number=466 file=base/16507/4143 time=0.003 ms
2026-09-25 14:19:40.493 UTC [9630] DEBUG:  checkpoint sync: number=467 file=base/16507/4167 time=0.002 ms
2026-09-25 14:19:40.493 UTC [9630] DEBUG:  checkpoint sync: number=468 file=base/16575/6113 time=0.000 ms
2026-09-25 14:19:40.493 UTC [9630] DEBUG:  checkpoint sync: number=469 file=base/16575/3501 time=0.003 ms
2026-09-25 14:19:40.493 UTC [9630] DEBUG:  checkpoint sync: number=470 file=base/16575/2754 time=0.002 ms
2026-09-25 14:19:40.493 UTC [9630] DEBUG:  checkpoint sync: number=471 file=base/16575/16601 time=0.001 ms
2026-09-25 14:19:40.493 UTC [9630] DEBUG:  checkpoint sync: number=472 file=base/16575/6228 time=0.002 ms
2026-09-25 14:19:40.493 UTC [9630] DEBUG:  checkpoint sync: number=473 file=base/16575/2605 time=0.000 ms
2026-09-25 14:19:40.493 UTC [9630] DEBUG:  checkpoint sync: number=474 file=base/16575/3764_vm time=0.001 ms
2026-09-25 14:19:40.493 UTC [9630] DEBUG:  checkpoint sync: number=475 file=base/16575/2683 time=0.001 ms
2026-09-25 14:19:40.493 UTC [9630] DEBUG:  checkpoint sync: number=476 file=base/16575/4149 time=0.002 ms
2026-09-25 14:19:40.493 UTC [9630] DEBUG:  checkpoint sync: number=477 file=base/16507/2653 time=0.002 ms
2026-09-25 14:19:40.493 UTC [9630] DEBUG:  checkpoint sync: number=478 file=base/16507/2604 time=0.002 ms
2026-09-25 14:19:40.493 UTC [9630] DEBUG:  checkpoint sync: number=479 file=base/16575/2608 time=0.001 ms
2026-09-25 14:19:40.494 UTC [9630] DEBUG:  checkpoint sync: number=480 file=base/16575/1417 time=0.003 ms
2026-09-25 14:19:40.494 UTC [9630] DEBUG:  checkpoint sync: number=481 file=base/16507/4168 time=0.003 ms
2026-09-25 14:19:40.494 UTC [9630] DEBUG:  checkpoint sync: number=482 file=base/16507/3598 time=0.002 ms
2026-09-25 14:19:40.494 UTC [9630] DEBUG:  checkpoint sync: number=483 file=base/16575/13526_fsm time=0.002 ms
2026-09-25 14:19:40.494 UTC [9630] DEBUG:  checkpoint sync: number=484 file=base/16507/2839 time=0.002 ms
2026-09-25 14:19:40.494 UTC [9630] DEBUG:  checkpoint sync: number=485 file=base/16507/2654 time=0.002 ms
2026-09-25 14:19:40.494 UTC [9630] DEBUG:  checkpoint sync: number=486 file=base/16575/2839 time=0.001 ms
2026-09-25 14:19:40.494 UTC [9630] DEBUG:  checkpoint sync: number=487 file=base/16507/4157 time=0.003 ms
2026-09-25 14:19:40.494 UTC [9630] DEBUG:  checkpoint sync: number=488 file=base/16575/3118 time=0.002 ms
2026-09-25 14:19:40.494 UTC [9630] DEBUG:  checkpoint sync: number=489 file=base/16507/2703 time=0.002 ms
2026-09-25 14:19:40.494 UTC [9630] DEBUG:  checkpoint sync: number=490 file=base/16507/2600_fsm time=0.002 ms
2026-09-25 14:19:40.494 UTC [9630] DEBUG:  checkpoint sync: number=491 file=base/16507/3394 time=0.002 ms
2026-09-25 14:19:40.494 UTC [9630] DEBUG:  checkpoint sync: number=492 file=base/16507/16557 time=0.000 ms
2026-09-25 14:19:40.494 UTC [9630] DEBUG:  checkpoint sync: number=493 file=base/16507/3997 time=0.002 ms
2026-09-25 14:19:40.494 UTC [9630] DEBUG:  checkpoint sync: number=494 file=base/16575/4173 time=0.002 ms
2026-09-25 14:19:40.494 UTC [9630] DEBUG:  checkpoint sync: number=495 file=base/16575/3394_vm time=0.001 ms
2026-09-25 14:19:40.494 UTC [9630] DEBUG:  checkpoint sync: number=496 file=base/16507/2687 time=0.002 ms
2026-09-25 14:19:40.494 UTC [9630] DEBUG:  checkpoint sync: number=497 file=base/16507/2661 time=0.002 ms
2026-09-25 14:19:40.494 UTC [9630] DEBUG:  checkpoint sync: number=498 file=base/16575/2838_fsm time=0.000 ms
2026-09-25 14:19:40.494 UTC [9630] DEBUG:  checkpoint sync: number=499 file=base/16575/2691 time=0.001 ms
2026-09-25 14:19:40.494 UTC [9630] DEBUG:  checkpoint sync: number=500 file=base/16507/4171 time=0.003 ms
2026-09-25 14:19:40.494 UTC [9630] DEBUG:  checkpoint sync: number=501 file=base/16507/2656 time=0.001 ms
2026-09-25 14:19:40.494 UTC [9630] DEBUG:  checkpoint sync: number=502 file=base/16507/3503 time=0.003 ms
2026-09-25 14:19:40.494 UTC [9630] DEBUG:  checkpoint sync: number=503 file=base/16575/2838_vm time=0.000 ms
2026-09-25 14:19:40.494 UTC [9630] DEBUG:  checkpoint sync: number=504 file=base/16575/2680 time=0.000 ms
2026-09-25 14:19:40.494 UTC [9630] DEBUG:  checkpoint sync: number=505 file=base/16575/13520 time=0.000 ms
2026-09-25 14:19:40.494 UTC [9630] DEBUG:  checkpoint sync: number=506 file=base/16575/2606 time=0.001 ms
2026-09-25 14:19:40.494 UTC [9630] DEBUG:  checkpoint sync: number=507 file=base/16507/13520 time=0.002 ms
2026-09-25 14:19:40.494 UTC [9630] DEBUG:  checkpoint sync: number=508 file=base/16507/3079_fsm time=0.003 ms
2026-09-25 14:19:40.494 UTC [9630] DEBUG:  checkpoint sync: number=509 file=base/16575/3429 time=0.003 ms
2026-09-25 14:19:40.494 UTC [9630] DEBUG:  checkpoint sync: number=510 file=base/16507/16563_fsm time=0.002 ms
2026-09-25 14:19:40.494 UTC [9630] DEBUG:  checkpoint sync: number=511 file=base/16575/4164 time=0.001 ms
2026-09-25 14:19:40.494 UTC [9630] DEBUG:  checkpoint sync: number=512 file=base/16575/16622 time=0.000 ms
2026-09-25 14:19:40.494 UTC [9630] DEBUG:  checkpoint sync: number=513 file=base/16575/16608 time=0.000 ms
2026-09-25 14:19:40.494 UTC [9630] DEBUG:  checkpoint sync: number=514 file=base/16507/2617_vm time=0.000 ms
2026-09-25 14:19:40.494 UTC [9630] DEBUG:  checkpoint sync: number=515 file=base/16575/2601_vm time=0.002 ms
2026-09-25 14:19:40.494 UTC [9630] DEBUG:  checkpoint sync: number=516 file=base/16575/3456_vm time=0.000 ms
2026-09-25 14:19:40.494 UTC [9630] DEBUG:  checkpoint sync: number=517 file=base/16507/113 time=0.002 ms
2026-09-25 14:19:40.494 UTC [9630] DEBUG:  checkpoint sync: number=518 file=base/16507/2617_fsm time=0.002 ms
2026-09-25 14:19:40.494 UTC [9630] DEBUG:  checkpoint sync: number=519 file=base/16507/2608_fsm time=0.000 ms
2026-09-25 14:19:40.494 UTC [9630] DEBUG:  checkpoint sync: number=520 file=base/16507/3456_fsm time=0.002 ms
2026-09-25 14:19:40.494 UTC [9630] DEBUG:  checkpoint sync: number=521 file=base/16507/16551 time=0.002 ms
2026-09-25 14:19:40.494 UTC [9630] DEBUG:  checkpoint sync: number=522 file=base/16575/3602_fsm time=0.000 ms
2026-09-25 14:19:40.494 UTC [9630] DEBUG:  checkpoint sync: number=523 file=base/16575/2689 time=0.000 ms
2026-09-25 14:19:40.494 UTC [9630] DEBUG:  checkpoint sync: number=524 file=base/16575/3351 time=0.001 ms
2026-09-25 14:19:40.494 UTC [9630] DEBUG:  checkpoint sync: number=525 file=base/16507/2609_fsm time=0.001 ms
2026-09-25 14:19:40.494 UTC [9630] DEBUG:  checkpoint sync: number=526 file=base/16507/3501 time=0.004 ms
2026-09-25 14:19:40.494 UTC [9630] DEBUG:  checkpoint sync: number=527 file=base/16507/16552 time=0.002 ms
2026-09-25 14:19:40.494 UTC [9630] DEBUG:  checkpoint sync: number=528 file=base/16575/2996 time=0.000 ms
2026-09-25 14:19:40.494 UTC [9630] DEBUG:  checkpoint sync: number=529 file=base/16575/2228 time=0.001 ms
2026-09-25 14:19:40.494 UTC [9630] DEBUG:  checkpoint sync: number=530 file=base/16575/3600 time=0.001 ms
2026-09-25 14:19:40.494 UTC [9630] DEBUG:  checkpoint sync: number=531 file=base/16507/828 time=0.002 ms
2026-09-25 14:19:40.494 UTC [9630] DEBUG:  checkpoint sync: number=532 file=base/16507/3603_vm time=0.001 ms
2026-09-25 14:19:40.494 UTC [9630] DEBUG:  checkpoint sync: number=533 file=base/16575/3542 time=0.000 ms
2026-09-25 14:19:40.494 UTC [9630] DEBUG:  checkpoint sync: number=534 file=base/16507/2187 time=0.002 ms
2026-09-25 14:19:40.494 UTC [9630] DEBUG:  checkpoint sync: number=535 file=base/16507/3394_vm time=0.002 ms
2026-09-25 14:19:40.494 UTC [9630] DEBUG:  checkpoint sync: number=536 file=base/16575/13516_fsm time=0.000 ms
2026-09-25 14:19:40.494 UTC [9630] DEBUG:  checkpoint sync: number=537 file=base/16575/2609 time=0.000 ms
2026-09-25 14:19:40.494 UTC [9630] DEBUG:  checkpoint sync: number=538 file=base/16575/6106 time=0.001 ms
2026-09-25 14:19:40.494 UTC [9630] DEBUG:  checkpoint sync: number=539 file=base/16575/16596_vm time=0.000 ms
2026-09-25 14:19:40.494 UTC [9630] DEBUG:  checkpoint sync: number=540 file=base/16507/16569 time=0.000 ms
2026-09-25 14:19:40.494 UTC [9630] DEBUG:  checkpoint sync: number=541 file=base/16575/2836 time=0.000 ms
2026-09-25 14:19:40.494 UTC [9630] DEBUG:  checkpoint sync: number=542 file=base/16507/2832 time=0.002 ms
2026-09-25 14:19:40.494 UTC [9630] DEBUG:  checkpoint sync: number=543 file=base/16575/3455 time=0.000 ms
2026-09-25 14:19:40.494 UTC [9630] DEBUG:  checkpoint sync: number=544 file=base/16507/826 time=0.001 ms
2026-09-25 14:19:40.494 UTC [9630] DEBUG:  checkpoint sync: number=545 file=base/16575/3605 time=0.000 ms
2026-09-25 14:19:40.494 UTC [9630] DEBUG:  checkpoint sync: number=546 file=base/16575/3394_fsm time=0.000 ms
2026-09-25 14:19:40.494 UTC [9630] DEBUG:  checkpoint sync: number=547 file=base/16507/13515 time=0.002 ms
2026-09-25 14:19:40.494 UTC [9630] DEBUG:  checkpoint sync: number=548 file=base/16507/16566 time=0.002 ms
2026-09-25 14:19:40.494 UTC [9630] DEBUG:  checkpoint sync: number=549 file=base/16575/3503 time=0.001 ms
2026-09-25 14:19:40.494 UTC [9630] DEBUG:  checkpoint sync: number=550 file=base/16575/3079 time=0.000 ms
2026-09-25 14:19:40.494 UTC [9630] DEBUG:  checkpoint sync: number=551 file=base/16575/3609 time=0.000 ms
2026-09-25 14:19:40.494 UTC [9630] DEBUG:  checkpoint sync: number=552 file=base/16575/2615_fsm time=0.000 ms
2026-09-25 14:19:40.494 UTC [9630] DEBUG:  checkpoint sync: number=553 file=base/16507/1418 time=0.002 ms
2026-09-25 14:19:40.494 UTC [9630] DEBUG:  checkpoint sync: number=554 file=base/16575/2661 time=0.000 ms
2026-09-25 14:19:40.494 UTC [9630] DEBUG:  checkpoint sync: number=555 file=base/16575/2617_fsm time=0.000 ms
2026-09-25 14:19:40.494 UTC [9630] DEBUG:  checkpoint sync: number=556 file=base/16575/13521_vm time=0.000 ms
2026-09-25 14:19:40.494 UTC [9630] DEBUG:  checkpoint sync: number=557 file=base/16575/2187 time=0.000 ms
2026-09-25 14:19:40.494 UTC [9630] DEBUG:  checkpoint sync: number=558 file=base/16575/6110 time=0.000 ms
2026-09-25 14:19:40.494 UTC [9630] DEBUG:  checkpoint sync: number=559 file=base/16507/6351 time=0.002 ms
2026-09-25 14:19:40.494 UTC [9630] DEBUG:  checkpoint sync: number=560 file=base/16575/2675 time=0.000 ms
2026-09-25 14:19:40.494 UTC [9630] DEBUG:  checkpoint sync: number=561 file=base/16575/2753_vm time=0.000 ms
2026-09-25 14:19:40.494 UTC [9630] DEBUG:  checkpoint sync: number=562 file=base/16507/16553 time=0.001 ms
2026-09-25 14:19:40.494 UTC [9630] DEBUG:  checkpoint sync: number=563 file=base/16575/3597 time=0.000 ms
2026-09-25 14:19:40.494 UTC [9630] DEBUG:  checkpoint sync: number=564 file=base/16507/2667 time=0.002 ms
2026-09-25 14:19:40.494 UTC [9630] DEBUG:  checkpoint sync: number=565 file=base/16507/2618_fsm time=0.002 ms
2026-09-25 14:19:40.494 UTC [9630] DEBUG:  checkpoint sync: number=566 file=base/16507/2841 time=0.005 ms
2026-09-25 14:19:40.494 UTC [9630] DEBUG:  checkpoint sync: number=567 file=base/16507/2674 time=0.000 ms
2026-09-25 14:19:40.494 UTC [9630] DEBUG:  checkpoint sync: number=568 file=base/16507/549 time=0.002 ms
2026-09-25 14:19:40.494 UTC [9630] DEBUG:  checkpoint sync: number=569 file=base/16575/3080 time=0.000 ms
2026-09-25 14:19:40.494 UTC [9630] DEBUG:  checkpoint sync: number=570 file=base/16575/3456 time=0.000 ms
2026-09-25 14:19:40.494 UTC [9630] DEBUG:  checkpoint sync: number=571 file=base/16575/13515 time=0.001 ms
2026-09-25 14:19:40.494 UTC [9630] DEBUG:  checkpoint sync: number=572 file=base/16507/2609_vm time=0.000 ms
2026-09-25 14:19:40.494 UTC [9630] DEBUG:  checkpoint sync: number=573 file=base/16507/3439 time=0.002 ms
2026-09-25 14:19:40.494 UTC [9630] DEBUG:  checkpoint sync: number=574 file=base/16507/2601 time=0.002 ms
2026-09-25 14:19:40.494 UTC [9630] DEBUG:  checkpoint sync: number=575 file=base/16507/13516_fsm time=0.002 ms
2026-09-25 14:19:40.494 UTC [9630] DEBUG:  checkpoint sync: number=576 file=base/16507/2659 time=0.000 ms
2026-09-25 14:19:40.494 UTC [9630] DEBUG:  checkpoint sync: number=577 file=base/16575/2610_fsm time=0.000 ms
2026-09-25 14:19:40.494 UTC [9630] DEBUG:  checkpoint sync: number=578 file=base/16507/6239 time=0.002 ms
2026-09-25 14:19:40.494 UTC [9630] DEBUG:  checkpoint sync: number=579 file=base/16575/2224 time=0.009 ms
2026-09-25 14:19:40.494 UTC [9630] DEBUG:  checkpoint sync: number=580 file=base/16575/16619 time=0.015 ms
2026-09-25 14:19:40.494 UTC [9630] DEBUG:  checkpoint sync: number=581 file=base/16507/3601_fsm time=0.002 ms
2026-09-25 14:19:40.494 UTC [9630] DEBUG:  checkpoint sync: number=582 file=base/16507/2336 time=0.001 ms
2026-09-25 14:19:40.494 UTC [9630] DEBUG:  checkpoint sync: number=583 file=base/16507/1259 time=0.001 ms
2026-09-25 14:19:40.494 UTC [9630] DEBUG:  checkpoint sync: number=584 file=base/16507/2602_vm time=0.000 ms
2026-09-25 14:19:40.494 UTC [9630] DEBUG:  checkpoint sync: number=585 file=base/16575/2610 time=0.000 ms
2026-09-25 14:19:40.494 UTC [9630] DEBUG:  checkpoint sync: number=586 file=base/16507/4146 time=0.002 ms
2026-09-25 14:19:40.494 UTC [9630] DEBUG:  checkpoint sync: number=587 file=base/16575/16602 time=0.000 ms
2026-09-25 14:19:40.494 UTC [9630] DEBUG:  checkpoint sync: number=588 file=base/16507/4164 time=0.001 ms
2026-09-25 14:19:40.494 UTC [9630] DEBUG:  checkpoint sync: number=589 file=base/16575/3764_fsm time=0.000 ms
2026-09-25 14:19:40.494 UTC [9630] DEBUG:  checkpoint sync: number=590 file=base/16575/3576 time=0.001 ms
2026-09-25 14:19:40.494 UTC [9630] DEBUG:  checkpoint sync: number=591 file=base/16507/3394_fsm time=0.001 ms
2026-09-25 14:19:40.494 UTC [9630] DEBUG:  checkpoint sync: number=592 file=base/16507/1247_fsm time=0.002 ms
2026-09-25 14:19:40.494 UTC [9630] DEBUG:  checkpoint sync: number=593 file=base/16507/3085 time=0.002 ms
2026-09-25 14:19:40.494 UTC [9630] DEBUG:  checkpoint sync: number=594 file=base/16575/1249 time=0.000 ms
2026-09-25 14:19:40.494 UTC [9630] DEBUG:  checkpoint sync: number=595 file=base/16507/2657 time=0.000 ms
2026-09-25 14:19:40.494 UTC [9630] DEBUG:  checkpoint sync: number=596 file=base/16575/2687 time=0.000 ms
2026-09-25 14:19:40.494 UTC [9630] DEBUG:  checkpoint sync: number=597 file=base/16575/3767 time=0.000 ms
2026-09-25 14:19:40.494 UTC [9630] DEBUG:  checkpoint sync: number=598 file=base/16575/13511 time=0.004 ms
2026-09-25 14:19:40.494 UTC [9630] DEBUG:  checkpoint sync: number=599 file=base/16575/3256 time=0.000 ms
2026-09-25 14:19:40.494 UTC [9630] DEBUG:  checkpoint sync: number=600 file=base/16575/2610_vm time=0.000 ms
2026-09-25 14:19:40.494 UTC [9630] DEBUG:  checkpoint sync: number=601 file=base/16507/2652 time=0.002 ms
2026-09-25 14:19:40.494 UTC [9630] DEBUG:  checkpoint sync: number=602 file=base/16507/6110 time=0.002 ms
2026-09-25 14:19:40.494 UTC [9630] DEBUG:  checkpoint sync: number=603 file=base/16575/13526 time=0.000 ms
2026-09-25 14:19:40.494 UTC [9630] DEBUG:  checkpoint sync: number=604 file=base/16507/2690 time=0.001 ms
2026-09-25 14:19:40.494 UTC [9630] DEBUG:  checkpoint sync: number=605 file=base/16507/16563_vm time=0.000 ms
2026-09-25 14:19:40.494 UTC [9630] DEBUG:  checkpoint sync: number=606 file=base/16507/2669 time=0.002 ms
2026-09-25 14:19:40.494 UTC [9630] DEBUG:  checkpoint sync: number=607 file=base/16507/3081 time=0.001 ms
2026-09-25 14:19:40.494 UTC [9630] DEBUG:  checkpoint sync: number=608 file=base/16575/3466 time=0.002 ms
2026-09-25 14:19:40.494 UTC [9630] DEBUG:  checkpoint sync: number=609 file=base/16575/2619 time=0.000 ms
2026-09-25 14:19:40.494 UTC [9630] DEBUG:  checkpoint sync: number=610 file=base/16507/16540 time=0.000 ms
2026-09-25 14:19:40.494 UTC [9630] DEBUG:  checkpoint sync: number=611 file=base/16575/3600_fsm time=0.000 ms
2026-09-25 14:19:40.494 UTC [9630] DEBUG:  checkpoint sync: number=612 file=base/16575/3600_vm time=0.000 ms
2026-09-25 14:19:40.494 UTC [9630] DEBUG:  checkpoint sync: number=613 file=base/16507/2619_vm time=0.000 ms
2026-09-25 14:19:40.494 UTC [9630] DEBUG:  checkpoint sync: number=614 file=base/16575/2832 time=0.001 ms
2026-09-25 14:19:40.494 UTC [9630] DEBUG:  checkpoint sync: number=615 file=base/16507/827 time=0.002 ms
2026-09-25 14:19:40.494 UTC [9630] DEBUG:  checkpoint sync: number=616 file=base/16575/2696 time=0.000 ms
2026-09-25 14:19:40.494 UTC [9630] DEBUG:  checkpoint sync: number=617 file=base/16575/2600_fsm time=0.000 ms
2026-09-25 14:19:40.494 UTC [9630] DEBUG:  checkpoint sync: number=618 file=base/16507/2753_vm time=0.000 ms
2026-09-25 14:19:40.494 UTC [9630] DEBUG:  checkpoint sync: number=619 file=base/16575/2650 time=0.000 ms
2026-09-25 14:19:40.494 UTC [9630] DEBUG:  checkpoint sync: number=620 file=base/16507/6229 time=0.002 ms
2026-09-25 14:19:40.494 UTC [9630] DEBUG:  checkpoint sync: number=621 file=base/16507/16562 time=0.000 ms
2026-09-25 14:19:40.494 UTC [9630] DEBUG:  checkpoint sync: number=622 file=global/1232 time=0.000 ms
2026-09-25 14:19:40.494 UTC [9630] DEBUG:  checkpoint sync: number=623 file=base/16575/3604 time=0.000 ms
2026-09-25 14:19:40.494 UTC [9630] DEBUG:  checkpoint sync: number=624 file=base/16507/3431 time=0.002 ms
2026-09-25 14:19:40.494 UTC [9630] DEBUG:  checkpoint sync: number=625 file=base/16507/4153 time=0.004 ms
2026-09-25 14:19:40.494 UTC [9630] DEBUG:  checkpoint sync: number=626 file=base/16507/3433 time=0.002 ms
2026-09-25 14:19:40.494 UTC [9630] DEBUG:  checkpoint sync: number=627 file=base/16575/2660 time=0.000 ms
2026-09-25 14:19:40.494 UTC [9630] DEBUG:  checkpoint sync: number=628 file=base/16575/2699 time=0.000 ms
2026-09-25 14:19:40.494 UTC [9630] DEBUG:  checkpoint sync: number=629 file=base/16575/2663 time=0.000 ms
2026-09-25 14:19:40.494 UTC [9630] DEBUG:  checkpoint sync: number=630 file=base/16507/3767 time=0.001 ms
2026-09-25 14:19:40.494 UTC [9630] DEBUG:  checkpoint sync: number=631 file=base/16575/2692 time=0.000 ms
2026-09-25 14:19:40.494 UTC [9630] DEBUG:  checkpoint sync: number=632 file=base/16575/2600_vm time=0.000 ms
2026-09-25 14:19:40.494 UTC [9630] DEBUG:  checkpoint sync: number=633 file=base/16507/6228 time=0.001 ms
2026-09-25 14:19:40.494 UTC [9630] DEBUG:  checkpoint sync: number=634 file=base/16575/3534 time=0.001 ms
2026-09-25 14:19:40.494 UTC [9630] DEBUG:  checkpoint sync: number=635 file=base/16575/13511_fsm time=0.000 ms
2026-09-25 14:19:40.494 UTC [9630] DEBUG:  checkpoint sync: number=636 file=base/16507/16547 time=0.000 ms
2026-09-25 14:19:40.494 UTC [9630] DEBUG:  checkpoint sync: number=637 file=base/16507/2616 time=0.001 ms
2026-09-25 14:19:40.494 UTC [9630] DEBUG:  checkpoint sync: number=638 file=base/16507/2664 time=0.001 ms
2026-09-25 14:19:40.494 UTC [9630] DEBUG:  checkpoint sync: number=639 file=base/16575/13516_vm time=0.000 ms
2026-09-25 14:19:40.494 UTC [9630] DEBUG:  checkpoint sync: number=640 file=base/16575/2620 time=0.001 ms
2026-09-25 14:19:40.494 UTC [9630] DEBUG:  checkpoint sync: number=641 file=base/16507/16532_fsm time=0.000 ms
2026-09-25 14:19:40.494 UTC [9630] DEBUG:  checkpoint sync: number=642 file=base/16575/2602 time=0.000 ms
2026-09-25 14:19:40.494 UTC [9630] DEBUG:  checkpoint sync: number=643 file=base/16507/16538 time=0.002 ms
2026-09-25 14:19:40.494 UTC [9630] DEBUG:  checkpoint sync: number=644 file=base/16575/4166 time=0.000 ms
2026-09-25 14:19:40.494 UTC [9630] DEBUG:  checkpoint sync: number=645 file=base/16575/2617_vm time=0.000 ms
2026-09-25 14:19:40.494 UTC [9630] DEBUG:  checkpoint sync: number=646 file=base/16575/2841 time=0.000 ms
2026-09-25 14:19:40.494 UTC [9630] DEBUG:  checkpoint sync: number=647 file=base/16575/2681 time=0.000 ms
2026-09-25 14:19:40.494 UTC [9630] DEBUG:  checkpoint sync: number=648 file=base/16507/2678 time=0.002 ms
2026-09-25 14:19:40.494 UTC [9630] DEBUG:  checkpoint sync: number=649 file=base/16575/3380 time=0.001 ms
2026-09-25 14:19:40.494 UTC [9630] DEBUG:  checkpoint sync: number=650 file=base/16575/3430 time=0.002 ms
2026-09-25 14:19:40.494 UTC [9630] DEBUG:  checkpoint sync: number=651 file=base/16575/2618_fsm time=0.000 ms
2026-09-25 14:19:40.494 UTC [9630] DEBUG:  checkpoint sync: number=652 file=base/16507/3602_vm time=0.002 ms
2026-09-25 14:19:40.494 UTC [9630] DEBUG:  checkpoint sync: number=653 file=base/16575/3394 time=0.000 ms
2026-09-25 14:19:40.494 UTC [9630] DEBUG:  checkpoint sync: number=654 file=base/16507/2610_fsm time=0.000 ms
2026-09-25 14:19:40.494 UTC [9630] DEBUG:  checkpoint sync: number=655 file=base/16507/2224 time=0.002 ms
2026-09-25 14:19:40.494 UTC [9630] DEBUG:  checkpoint sync: number=656 file=base/16507/2662 time=0.001 ms
2026-09-25 14:19:40.494 UTC [9630] DEBUG:  checkpoint sync: number=657 file=base/16507/2689 time=0.001 ms
2026-09-25 14:19:40.494 UTC [9630] DEBUG:  checkpoint sync: number=658 file=base/16507/16569_fsm time=0.000 ms
2026-09-25 14:19:40.494 UTC [9630] DEBUG:  checkpoint sync: number=659 file=base/16507/16557_vm time=0.000 ms
2026-09-25 14:19:40.494 UTC [9630] DEBUG:  checkpoint sync: number=660 file=base/16507/13530 time=0.002 ms
2026-09-25 14:19:40.494 UTC [9630] DEBUG:  checkpoint sync: number=661 file=base/16507/4148 time=0.001 ms
2026-09-25 14:19:40.494 UTC [9630] DEBUG:  checkpoint sync: number=662 file=base/16575/2701 time=0.000 ms
2026-09-25 14:19:40.494 UTC [9630] LOG:  checkpoint complete: wrote 16384 buffers (100.0%), wrote 3 SLRU buffers; 0 WAL file(s) added, 0 removed, 14 recycled; write=0.076 s, sync=0.003 s, total=0.079 s; sync files=662, longest=0.001 s, average=0.001 s; distance=230973 kB, estimate=230973 kB; lsn=0/1F914450, redo lsn=0/1F914450
2026-09-25 14:19:40.502 UTC [9626] DEBUG:  updating PMState from PM_RECOVERY to PM_RUN
2026-09-25 14:19:40.502 UTC [9626] LOG:  database system is ready to accept connections
2026-09-25 14:19:40.503 UTC [9626] DEBUG:  starting background worker process "logical replication launcher"
2026-09-25 14:19:40.503 UTC [9634] DEBUG:  logical replication launcher started
2026-09-25 14:24:40.537 UTC [9630] LOG:  checkpoint starting: time
2026-09-25 14:24:40.537 UTC [9630] DEBUG:  performing replication slot checkpoint
2026-09-25 14:26:02.228 UTC [9630] DEBUG:  checkpoint sync: number=1 file=base/16507/1247 time=0.004 ms
2026-09-25 14:26:02.228 UTC [9630] DEBUG:  checkpoint sync: number=2 file=base/16507/2615 time=0.001 ms
2026-09-25 14:26:02.228 UTC [9630] DEBUG:  checkpoint sync: number=3 file=base/16575/2601 time=0.001 ms
2026-09-25 14:26:02.228 UTC [9630] DEBUG:  checkpoint sync: number=4 file=base/16507/2617 time=0.001 ms
2026-09-25 14:26:02.229 UTC [9630] DEBUG:  checkpoint sync: number=5 file=base/16507/2602 time=0.001 ms
2026-09-25 14:26:02.229 UTC [9630] DEBUG:  checkpoint sync: number=6 file=base/16507/16547_vm time=0.000 ms
2026-09-25 14:26:02.229 UTC [9630] DEBUG:  checkpoint sync: number=7 file=base/16575/2617 time=0.000 ms
2026-09-25 14:26:02.229 UTC [9630] DEBUG:  checkpoint sync: number=8 file=base/16507/1255 time=0.001 ms
2026-09-25 14:26:02.229 UTC [9630] DEBUG:  checkpoint sync: number=9 file=base/16575/1259 time=0.000 ms
2026-09-25 14:26:02.229 UTC [9630] DEBUG:  checkpoint sync: number=10 file=base/16507/2610 time=0.001 ms
2026-09-25 14:26:02.229 UTC [9630] DEBUG:  checkpoint sync: number=11 file=base/16575/16596 time=0.000 ms
2026-09-25 14:26:02.229 UTC [9630] DEBUG:  checkpoint sync: number=12 file=base/16507/2663 time=0.001 ms
2026-09-25 14:26:02.229 UTC [9630] DEBUG:  checkpoint sync: number=13 file=pg_xact/0000 time=0.028 ms
2026-09-25 14:26:02.229 UTC [9630] DEBUG:  checkpoint sync: number=14 file=base/16575/1255 time=0.001 ms
2026-09-25 14:26:02.229 UTC [9630] DEBUG:  checkpoint sync: number=15 file=base/16575/1247 time=0.001 ms
2026-09-25 14:26:02.229 UTC [9630] DEBUG:  checkpoint sync: number=16 file=base/16507/16532 time=0.001 ms
2026-09-25 14:26:02.229 UTC [9630] DEBUG:  checkpoint sync: number=17 file=base/16575/2616 time=0.001 ms
2026-09-25 14:26:02.229 UTC [9630] DEBUG:  checkpoint sync: number=18 file=base/16507/1249 time=0.000 ms
2026-09-25 14:26:02.229 UTC [9630] DEBUG:  checkpoint sync: number=19 file=base/16575/2604 time=0.001 ms
2026-09-25 14:26:02.229 UTC [9630] DEBUG:  checkpoint sync: number=20 file=global/1260 time=0.001 ms
2026-09-25 14:26:02.229 UTC [9630] DEBUG:  checkpoint sync: number=21 file=base/16507/2619 time=0.001 ms
2026-09-25 14:26:02.229 UTC [9630] DEBUG:  checkpoint sync: number=22 file=base/16575/2615 time=0.000 ms
2026-09-25 14:26:02.229 UTC [9630] DEBUG:  checkpoint sync: number=23 file=global/1262 time=0.000 ms
2026-09-25 14:26:02.229 UTC [9630] DEBUG:  checkpoint sync: number=24 file=base/16507/2606 time=0.001 ms
2026-09-25 14:26:02.229 UTC [9630] DEBUG:  checkpoint sync: number=25 file=base/16507/2604 time=0.001 ms
2026-09-25 14:26:02.229 UTC [9630] DEBUG:  checkpoint sync: number=26 file=base/16507/2601 time=0.001 ms
2026-09-25 14:26:02.229 UTC [9630] DEBUG:  checkpoint sync: number=27 file=base/16507/1259 time=0.001 ms
2026-09-25 14:26:02.229 UTC [9630] DEBUG:  checkpoint sync: number=28 file=base/16575/2610 time=0.001 ms
2026-09-25 14:26:02.229 UTC [9630] DEBUG:  checkpoint sync: number=29 file=base/16575/1249 time=0.000 ms
2026-09-25 14:26:02.229 UTC [9630] DEBUG:  checkpoint sync: number=30 file=base/16575/2619 time=0.000 ms
2026-09-25 14:26:02.229 UTC [9630] DEBUG:  checkpoint sync: number=31 file=base/16507/16547 time=0.001 ms
2026-09-25 14:26:02.229 UTC [9630] DEBUG:  checkpoint sync: number=32 file=base/16507/2616 time=0.000 ms
2026-09-25 14:26:02.229 UTC [9630] DEBUG:  checkpoint sync: number=33 file=base/16575/2602 time=0.000 ms
2026-09-25 14:26:02.229 UTC [9630] DEBUG:  checkpoint sync: number=34 file=base/16507/2662 time=0.001 ms
2026-09-25 14:26:02.229 UTC [9630] LOG:  checkpoint complete: wrote 816 buffers (5.0%), wrote 1 SLRU buffers; 0 WAL file(s) added, 0 removed, 0 recycled; write=81.692 s, sync=0.001 s, total=81.693 s; sync files=34, longest=0.001 s, average=0.001 s; distance=4879 kB, estimate=208364 kB; lsn=0/1FDD82F0, redo lsn=0/1FDD8260
2026-09-25 14:27:10.654 UTC [9626] LOG:  received fast shutdown request
2026-09-25 14:27:10.654 UTC [9626] LOG:  aborting any active transactions
2026-09-25 14:27:10.654 UTC [9626] DEBUG:  updating PMState from PM_RUN to PM_STOP_BACKENDS
2026-09-25 14:27:10.654 UTC [9626] DEBUG:  updating PMState from PM_STOP_BACKENDS to PM_WAIT_BACKENDS
2026-09-25 14:27:10.654 UTC [9634] DEBUG:  logical replication launcher shutting down
2026-09-25 14:27:10.656 UTC [9626] LOG:  background worker "logical replication launcher" (PID 9634) exited with exit code 1
2026-09-25 14:27:10.656 UTC [9626] DEBUG:  updating PMState from PM_WAIT_BACKENDS to PM_WAIT_XLOG_SHUTDOWN
2026-09-25 14:27:10.656 UTC [9630] LOG:  shutting down
2026-09-25 14:27:10.656 UTC [9630] LOG:  checkpoint starting: shutdown immediate
2026-09-25 14:27:10.656 UTC [9630] DEBUG:  performing replication slot checkpoint
2026-09-25 14:27:10.656 UTC [9630] LOG:  checkpoint complete: wrote 0 buffers (0.0%), wrote 0 SLRU buffers; 0 WAL file(s) added, 0 removed, 0 recycled; write=0.001 s, sync=0.001 s, total=0.001 s; sync files=0, longest=0.000 s, average=0.000 s; distance=0 kB, estimate=187528 kB; lsn=0/1FDD83A0, redo lsn=0/1FDD83A0
2026-09-25 14:27:10.656 UTC [9626] DEBUG:  updating PMState from PM_WAIT_XLOG_SHUTDOWN to PM_WAIT_XLOG_ARCHIVAL
2026-09-25 14:27:10.656 UTC [9626] DEBUG:  updating PMState from PM_WAIT_XLOG_ARCHIVAL to PM_WAIT_IO_WORKERS
2026-09-25 14:27:10.658 UTC [9626] DEBUG:  updating PMState from PM_WAIT_IO_WORKERS to PM_WAIT_CHECKPOINTER
2026-09-25 14:27:10.664 UTC [9626] DEBUG:  updating PMState from PM_WAIT_CHECKPOINTER to PM_WAIT_DEAD_END
2026-09-25 14:27:10.664 UTC [9626] DEBUG:  updating PMState from PM_WAIT_DEAD_END to PM_NO_CHILDREN
2026-09-25 14:27:10.678 UTC [9626] LOG:  database system is shut down
2026-09-25 14:27:10.785 UTC [10676] DEBUG:  registering background worker "logical replication launcher"
2026-09-25 14:27:10.786 UTC [10676] DEBUG:  loaded library "/tmp/pin-pr25-native/lib/pin"
2026-09-25 14:27:10.786 UTC [10676] DEBUG:  mmap(157286400) with MAP_HUGETLB failed, huge pages disabled: Cannot allocate memory
2026-09-25 14:27:10.794 UTC [10676] LOG:  starting PostgreSQL 18.6 (Ubuntu 18.6-0ubuntu0.26.04.1) on x86_64-pc-linux-gnu, compiled by gcc (Ubuntu 15.2.0-16ubuntu1) 15.2.0, 64-bit
2026-09-25 14:27:10.794 UTC [10676] LOG:  listening on Unix socket "/tmp/pin-pr25-native/socket/.s.PGSQL.55491"
2026-09-25 14:27:10.795 UTC [10676] DEBUG:  updating PMState from PM_INIT to PM_STARTUP
2026-09-25 14:27:10.797 UTC [10682] LOG:  database system was shut down at 2026-09-25 14:27:10 UTC
2026-09-25 14:27:10.798 UTC [10682] DEBUG:  checkpoint record is at 0/1FDD83A0
2026-09-25 14:27:10.798 UTC [10682] DEBUG:  redo record is at 0/1FDD83A0; shutdown true
2026-09-25 14:27:10.798 UTC [10682] DEBUG:  next transaction ID: 895; next OID: 24699
2026-09-25 14:27:10.798 UTC [10682] DEBUG:  next MultiXactId: 1; next MultiXactOffset: 0
2026-09-25 14:27:10.798 UTC [10682] DEBUG:  oldest unfrozen transaction ID: 744, in database 1
2026-09-25 14:27:10.798 UTC [10682] DEBUG:  oldest MultiXactId: 1, in database 1
2026-09-25 14:27:10.798 UTC [10682] DEBUG:  commit timestamp Xid oldest/newest: 0/0
2026-09-25 14:27:10.798 UTC [10682] DEBUG:  transaction ID wrap limit is 2147484391, limited by database with OID 1
2026-09-25 14:27:10.798 UTC [10682] DEBUG:  MultiXactId wrap limit is 2147483648, limited by database with OID 1
2026-09-25 14:27:10.798 UTC [10682] DEBUG:  starting up replication slots
2026-09-25 14:27:10.798 UTC [10682] DEBUG:  xmin required by slots: data 0, catalog 0
2026-09-25 14:27:10.798 UTC [10682] DEBUG:  MultiXactId wrap limit is 2147483648, limited by database with OID 1
2026-09-25 14:27:10.798 UTC [10682] DEBUG:  MultiXact member stop limit is now 4294914944 based on MultiXact 1
2026-09-25 14:27:10.800 UTC [10676] DEBUG:  updating PMState from PM_STARTUP to PM_RUN
2026-09-25 14:27:10.800 UTC [10676] LOG:  database system is ready to accept connections
2026-09-25 14:27:10.800 UTC [10676] DEBUG:  starting background worker process "logical replication launcher"
2026-09-25 14:27:10.801 UTC [10684] DEBUG:  logical replication launcher started
2026-09-25 14:27:17.134 UTC [10700] DEBUG:  executing extension script for "pin" version '0.0.0'
2026-09-25 14:27:17.149 UTC [10701] DEBUG:  building index "pg_toast_24724_index" on table "pg_toast_24724" serially
2026-09-25 14:27:17.149 UTC [10701] DEBUG:  index "pg_toast_24724_index" can safely use deduplication
2026-09-25 14:27:17.150 UTC [10701] DEBUG:  CREATE TABLE / PRIMARY KEY will create implicit index "g10_docs_pkey" for table "g10_docs"
2026-09-25 14:27:17.150 UTC [10701] DEBUG:  building index "g10_docs_pkey" on table "g10_docs" serially
2026-09-25 14:27:17.150 UTC [10701] DEBUG:  index "g10_docs_pkey" can safely use deduplication
2026-09-25 14:27:17.153 UTC [10701] DEBUG:  building index "g10_docs_pin" on table "g10_docs" serially
2026-09-25 14:27:17.260 UTC [10701] DEBUG:  Pin grouped snapshot: documents=1200 groups=1 written_pages=8 reclaimed_pages=0 sort_spilled=false frontier_terms=0
2026-09-25 14:27:17.262 UTC [10701] DEBUG:  building index "g10_docs_gin" on table "g10_docs" serially
2026-09-25 14:27:17.352 UTC [10701] DEBUG:  Pin grouped delta: documents=512 groups=1 written_pages=8 reclaimed_pages=0 sort_spilled=false
2026-09-25 14:27:17.429 UTC [10701] DEBUG:  Pin grouped delta: documents=1024 groups=1 written_pages=9 reclaimed_pages=8 sort_spilled=false
2026-09-25 14:27:17.508 UTC [10701] DEBUG:  Pin grouped delta: documents=512 groups=1 written_pages=8 reclaimed_pages=0 sort_spilled=false
2026-09-25 14:27:17.607 UTC [10701] DEBUG:  Pin grouped delta: documents=2048 groups=1 written_pages=11 reclaimed_pages=17 sort_spilled=false
2026-09-25 14:27:17.719 UTC [10701] DEBUG:  Pin grouped snapshot: documents=3222 groups=1 written_pages=14 reclaimed_pages=19 sort_spilled=false frontier_terms=0
2026-09-25 14:27:17.719 UTC [10701] CONTEXT:  while cleaning up index "g10_docs_pin" of relation "public.g10_docs"
2026-09-25 14:27:17.719 UTC [10701] DEBUG:  Pin compaction: retained_pages=0 written_pages=19 reclaimed_pages=37 reused_pages=19
2026-09-25 14:27:17.719 UTC [10701] CONTEXT:  while cleaning up index "g10_docs_pin" of relation "public.g10_docs"
2026-09-25 14:27:17.811 UTC [10701] DEBUG:  building index "g10_docs_pin" on table "g10_docs" serially
2026-09-25 14:27:18.066 UTC [10701] DEBUG:  Pin grouped snapshot: documents=3223 groups=1 written_pages=14 reclaimed_pages=0 sort_spilled=false frontier_terms=0
2026-09-25 14:27:29.006 UTC [10716] DEBUG:  executing extension script for "pin" version '0.0.0'
2026-09-25 14:27:29.025 UTC [10720] DEBUG:  building index "pg_toast_24759_index" on table "pg_toast_24759" serially
2026-09-25 14:27:29.026 UTC [10720] DEBUG:  index "pg_toast_24759_index" can safely use deduplication
2026-09-25 14:27:29.033 UTC [10720] DEBUG:  building index "g9_count_pin" on table "g9_count_docs" serially
2026-09-25 14:27:29.194 UTC [10720] DEBUG:  Pin grouped snapshot: documents=1201 groups=1 written_pages=22 reclaimed_pages=0 sort_spilled=false frontier_terms=0
2026-09-25 14:27:29.196 UTC [10720] DEBUG:  building index "g9_count_gin" on table "g9_count_docs" serially
2026-09-25 14:27:29.214 UTC [10720] DEBUG:  Pin compaction: retained_pages=0 written_pages=6 reclaimed_pages=15 reused_pages=5
2026-09-25 14:27:29.214 UTC [10720] CONTEXT:  while cleaning up index "g9_count_pin" of relation "public.g9_count_docs"
2026-09-25 14:27:34.668 UTC [11612] DEBUG:  Pin grouped snapshot: documents=1733 groups=1 written_pages=29 reclaimed_pages=22 sort_spilled=false frontier_terms=0
2026-09-25 14:27:34.668 UTC [11612] CONTEXT:  while cleaning up index "g9_count_pin" of relation "public.g9_count_docs"
2026-09-25 14:27:34.668 UTC [11612] DEBUG:  Pin compaction: retained_pages=0 written_pages=36 reclaimed_pages=39 reused_pages=27
2026-09-25 14:27:34.668 UTC [11612] CONTEXT:  while cleaning up index "g9_count_pin" of relation "public.g9_count_docs"
2026-09-25 14:27:36.036 UTC [11841] DEBUG:  building index "pg_toast_24771_index" on table "pg_toast_24771" serially
2026-09-25 14:27:36.036 UTC [11841] DEBUG:  index "pg_toast_24771_index" can safely use deduplication
2026-09-25 14:27:36.037 UTC [11841] DEBUG:  building index "g9_count_legacy_body_idx" on table "g9_count_legacy" serially
2026-09-25 14:27:36.226 UTC [11873] ERROR:  role "gc_reader" already exists
2026-09-25 14:27:36.226 UTC [11873] STATEMENT:  CREATE ROLE gc_reader NOLOGIN;
2026-09-25 14:27:54.378 UTC [10680] LOG:  checkpoint starting: immediate force wait
2026-09-25 14:27:54.378 UTC [10680] DEBUG:  performing replication slot checkpoint
2026-09-25 14:27:54.394 UTC [10680] DEBUG:  checkpoint sync: number=1 file=base/24738/2605_vm time=0.002 ms
2026-09-25 14:27:54.394 UTC [10680] DEBUG:  checkpoint sync: number=2 file=base/24699/2669 time=0.001 ms
2026-09-25 14:27:54.394 UTC [10680] DEBUG:  checkpoint sync: number=3 file=base/24699/6176 time=0.001 ms
2026-09-25 14:27:54.394 UTC [10680] DEBUG:  checkpoint sync: number=4 file=base/24699/2607_fsm time=0.001 ms
2026-09-25 14:27:54.394 UTC [10680] DEBUG:  checkpoint sync: number=5 file=base/24738/2603_fsm time=0.001 ms
2026-09-25 14:27:54.394 UTC [10680] DEBUG:  checkpoint sync: number=6 file=base/24738/3574 time=0.001 ms
2026-09-25 14:27:54.394 UTC [10680] DEBUG:  checkpoint sync: number=7 file=base/24699/4149 time=0.006 ms
2026-09-25 14:27:54.394 UTC [10680] DEBUG:  checkpoint sync: number=8 file=base/24738/3430 time=0.002 ms
2026-09-25 14:27:54.394 UTC [10680] DEBUG:  checkpoint sync: number=9 file=base/24738/2224 time=0.002 ms
2026-09-25 14:27:54.394 UTC [10680] DEBUG:  checkpoint sync: number=10 file=base/24738/13520 time=0.000 ms
2026-09-25 14:27:54.394 UTC [10680] DEBUG:  checkpoint sync: number=11 file=base/24738/113 time=0.001 ms
2026-09-25 14:27:54.394 UTC [10680] DEBUG:  checkpoint sync: number=12 file=base/24738/2607 time=0.000 ms
2026-09-25 14:27:54.394 UTC [10680] DEBUG:  checkpoint sync: number=13 file=base/24699/2753 time=0.001 ms
2026-09-25 14:27:54.394 UTC [10680] DEBUG:  checkpoint sync: number=14 file=base/24738/827 time=0.001 ms
2026-09-25 14:27:54.394 UTC [10680] DEBUG:  checkpoint sync: number=15 file=base/24738/1255_vm time=0.001 ms
2026-09-25 14:27:54.394 UTC [10680] DEBUG:  checkpoint sync: number=16 file=base/24738/24759_vm time=0.000 ms
2026-09-25 14:27:54.394 UTC [10680] DEBUG:  checkpoint sync: number=17 file=base/24699/2683 time=0.001 ms
2026-09-25 14:27:54.394 UTC [10680] DEBUG:  checkpoint sync: number=18 file=base/24699/2836_fsm time=0.001 ms
2026-09-25 14:27:54.394 UTC [10680] DEBUG:  checkpoint sync: number=19 file=base/24738/13511_vm time=0.001 ms
2026-09-25 14:27:54.394 UTC [10680] DEBUG:  checkpoint sync: number=20 file=base/24699/2607 time=0.000 ms
2026-09-25 14:27:54.394 UTC [10680] DEBUG:  checkpoint sync: number=21 file=base/24699/13514 time=0.002 ms
2026-09-25 14:27:54.394 UTC [10680] DEBUG:  checkpoint sync: number=22 file=base/24738/13526 time=0.001 ms
2026-09-25 14:27:54.394 UTC [10680] DEBUG:  checkpoint sync: number=23 file=base/24699/3085 time=0.001 ms
2026-09-25 14:27:54.394 UTC [10680] DEBUG:  checkpoint sync: number=24 file=base/24738/13525 time=0.001 ms
2026-09-25 14:27:54.394 UTC [10680] DEBUG:  checkpoint sync: number=25 file=base/24738/549 time=0.001 ms
2026-09-25 14:27:54.394 UTC [10680] DEBUG:  checkpoint sync: number=26 file=base/24738/2187 time=0.001 ms
2026-09-25 14:27:54.394 UTC [10680] DEBUG:  checkpoint sync: number=27 file=base/24738/2835 time=0.000 ms
2026-09-25 14:27:54.394 UTC [10680] DEBUG:  checkpoint sync: number=28 file=base/24699/3440 time=0.001 ms
2026-09-25 14:27:54.394 UTC [10680] DEBUG:  checkpoint sync: number=29 file=base/24699/4144 time=0.001 ms
2026-09-25 14:27:54.394 UTC [10680] DEBUG:  checkpoint sync: number=30 file=base/24699/1259_fsm time=0.000 ms
2026-09-25 14:27:54.394 UTC [10680] DEBUG:  checkpoint sync: number=31 file=base/24738/13519 time=0.002 ms
2026-09-25 14:27:54.394 UTC [10680] DEBUG:  checkpoint sync: number=32 file=base/24738/3541 time=0.001 ms
2026-09-25 14:27:54.394 UTC [10680] DEBUG:  checkpoint sync: number=33 file=base/24699/112 time=0.000 ms
2026-09-25 14:27:54.394 UTC [10680] DEBUG:  checkpoint sync: number=34 file=base/24738/2337 time=0.001 ms
2026-09-25 14:27:54.394 UTC [10680] DEBUG:  checkpoint sync: number=35 file=base/24738/3575 time=0.000 ms
2026-09-25 14:27:54.394 UTC [10680] DEBUG:  checkpoint sync: number=36 file=base/24699/4153 time=0.002 ms
2026-09-25 14:27:54.394 UTC [10680] DEBUG:  checkpoint sync: number=37 file=base/24699/13519 time=0.002 ms
2026-09-25 14:27:54.394 UTC [10680] DEBUG:  checkpoint sync: number=38 file=base/24738/2683 time=0.000 ms
2026-09-25 14:27:54.394 UTC [10680] DEBUG:  checkpoint sync: number=39 file=base/24699/3468 time=0.000 ms
2026-09-25 14:27:54.394 UTC [10680] DEBUG:  checkpoint sync: number=40 file=base/24699/3602_fsm time=0.000 ms
2026-09-25 14:27:54.394 UTC [10680] DEBUG:  checkpoint sync: number=41 file=base/24699/3502 time=0.001 ms
2026-09-25 14:27:54.394 UTC [10680] DEBUG:  checkpoint sync: number=42 file=base/24699/4168 time=0.001 ms
2026-09-25 14:27:54.394 UTC [10680] DEBUG:  checkpoint sync: number=43 file=base/24699/1255 time=0.001 ms
2026-09-25 14:27:54.394 UTC [10680] DEBUG:  checkpoint sync: number=44 file=base/24699/13516_vm time=0.001 ms
2026-09-25 14:27:54.394 UTC [10680] DEBUG:  checkpoint sync: number=45 file=base/24738/2686 time=0.001 ms
2026-09-25 14:27:54.394 UTC [10680] DEBUG:  checkpoint sync: number=46 file=base/24699/2187 time=0.000 ms
2026-09-25 14:27:54.394 UTC [10680] DEBUG:  checkpoint sync: number=47 file=base/24738/2841 time=0.000 ms
2026-09-25 14:27:54.394 UTC [10680] DEBUG:  checkpoint sync: number=48 file=base/24738/13516 time=0.001 ms
2026-09-25 14:27:54.394 UTC [10680] DEBUG:  checkpoint sync: number=49 file=base/24738/1417 time=0.001 ms
2026-09-25 14:27:54.394 UTC [10680] DEBUG:  checkpoint sync: number=50 file=base/24738/3767 time=0.001 ms
2026-09-25 14:27:54.394 UTC [10680] DEBUG:  checkpoint sync: number=51 file=base/24699/2661 time=0.001 ms
2026-09-25 14:27:54.394 UTC [10680] DEBUG:  checkpoint sync: number=52 file=base/24738/4171 time=0.001 ms
2026-09-25 14:27:54.394 UTC [10680] DEBUG:  checkpoint sync: number=53 file=base/24699/13521_fsm time=0.000 ms
2026-09-25 14:27:54.394 UTC [10680] DEBUG:  checkpoint sync: number=54 file=base/24738/3381 time=0.002 ms
2026-09-25 14:27:54.394 UTC [10680] DEBUG:  checkpoint sync: number=55 file=base/24699/3767 time=0.000 ms
2026-09-25 14:27:54.394 UTC [10680] DEBUG:  checkpoint sync: number=56 file=base/24699/2606_fsm time=0.000 ms
2026-09-25 14:27:54.394 UTC [10680] DEBUG:  checkpoint sync: number=57 file=base/24699/4155 time=0.002 ms
2026-09-25 14:27:54.394 UTC [10680] DEBUG:  checkpoint sync: number=58 file=base/24699/2835 time=0.001 ms
2026-09-25 14:27:54.394 UTC [10680] DEBUG:  checkpoint sync: number=59 file=base/24699/2830 time=0.001 ms
2026-09-25 14:27:54.394 UTC [10680] DEBUG:  checkpoint sync: number=60 file=base/24699/3456_vm time=0.000 ms
2026-09-25 14:27:54.394 UTC [10680] DEBUG:  checkpoint sync: number=61 file=base/24738/2658 time=0.001 ms
2026-09-25 14:27:54.394 UTC [10680] DEBUG:  checkpoint sync: number=62 file=base/24738/24774 time=0.002 ms
2026-09-25 14:27:54.394 UTC [10680] DEBUG:  checkpoint sync: number=63 file=base/24738/2602 time=0.001 ms
2026-09-25 14:27:54.394 UTC [10680] DEBUG:  checkpoint sync: number=64 file=base/24738/2673 time=0.001 ms
2026-09-25 14:27:54.394 UTC [10680] DEBUG:  checkpoint sync: number=65 file=base/24738/3534 time=0.000 ms
2026-09-25 14:27:54.394 UTC [10680] DEBUG:  checkpoint sync: number=66 file=base/24738/6104 time=0.002 ms
2026-09-25 14:27:54.394 UTC [10680] DEBUG:  checkpoint sync: number=67 file=base/24699/175 time=0.001 ms
2026-09-25 14:27:54.394 UTC [10680] DEBUG:  checkpoint sync: number=68 file=base/24738/4154 time=0.000 ms
2026-09-25 14:27:54.394 UTC [10680] DEBUG:  checkpoint sync: number=69 file=base/24699/3542 time=0.000 ms
2026-09-25 14:27:54.394 UTC [10680] DEBUG:  checkpoint sync: number=70 file=base/24738/2600_fsm time=0.002 ms
2026-09-25 14:27:54.394 UTC [10680] DEBUG:  checkpoint sync: number=71 file=base/24738/2663 time=0.000 ms
2026-09-25 14:27:54.394 UTC [10680] DEBUG:  checkpoint sync: number=72 file=base/24738/3606 time=0.000 ms
2026-09-25 14:27:54.394 UTC [10680] DEBUG:  checkpoint sync: number=73 file=base/24699/2610 time=0.001 ms
2026-09-25 14:27:54.394 UTC [10680] DEBUG:  checkpoint sync: number=74 file=base/24738/6176 time=0.000 ms
2026-09-25 14:27:54.394 UTC [10680] DEBUG:  checkpoint sync: number=75 file=base/24738/2610_fsm time=0.000 ms
2026-09-25 14:27:54.394 UTC [10680] DEBUG:  checkpoint sync: number=76 file=base/24738/2610 time=0.000 ms
2026-09-25 14:27:54.394 UTC [10680] DEBUG:  checkpoint sync: number=77 file=base/24699/2600_vm time=0.001 ms
2026-09-25 14:27:54.394 UTC [10680] DEBUG:  checkpoint sync: number=78 file=base/24699/3394 time=0.000 ms
2026-09-25 14:27:54.394 UTC [10680] DEBUG:  checkpoint sync: number=79 file=base/24699/4169 time=0.002 ms
2026-09-25 14:27:54.394 UTC [10680] DEBUG:  checkpoint sync: number=80 file=base/24699/2602 time=0.000 ms
2026-09-25 14:27:54.394 UTC [10680] DEBUG:  checkpoint sync: number=81 file=base/24699/2840_vm time=0.000 ms
2026-09-25 14:27:54.394 UTC [10680] DEBUG:  checkpoint sync: number=82 file=base/24699/2756 time=0.000 ms
2026-09-25 14:27:54.394 UTC [10680] DEBUG:  checkpoint sync: number=83 file=base/24699/13511 time=0.001 ms
2026-09-25 14:27:54.394 UTC [10680] DEBUG:  checkpoint sync: number=84 file=base/24699/3079_vm time=0.001 ms
2026-09-25 14:27:54.394 UTC [10680] DEBUG:  checkpoint sync: number=85 file=base/24738/2603_vm time=0.000 ms
2026-09-25 14:27:54.394 UTC [10680] DEBUG:  checkpoint sync: number=86 file=base/24699/2757 time=0.000 ms
2026-09-25 14:27:54.394 UTC [10680] DEBUG:  checkpoint sync: number=87 file=base/24699/2618_vm time=0.001 ms
2026-09-25 14:27:54.394 UTC [10680] DEBUG:  checkpoint sync: number=88 file=base/24738/3600_fsm time=0.001 ms
2026-09-25 14:27:54.394 UTC [10680] DEBUG:  checkpoint sync: number=89 file=base/24738/2840 time=0.001 ms
2026-09-25 14:27:54.394 UTC [10680] DEBUG:  checkpoint sync: number=90 file=base/24699/6239 time=0.000 ms
2026-09-25 14:27:54.394 UTC [10680] DEBUG:  checkpoint sync: number=91 file=base/24738/24759_fsm time=0.000 ms
2026-09-25 14:27:54.394 UTC [10680] DEBUG:  checkpoint sync: number=92 file=base/24738/548 time=0.000 ms
2026-09-25 14:27:54.394 UTC [10680] DEBUG:  checkpoint sync: number=93 file=base/24738/2682 time=0.000 ms
2026-09-25 14:27:54.394 UTC [10680] DEBUG:  checkpoint sync: number=94 file=base/24738/2684 time=0.001 ms
2026-09-25 14:27:54.394 UTC [10680] DEBUG:  checkpoint sync: number=95 file=base/24699/2652 time=0.000 ms
2026-09-25 14:27:54.394 UTC [10680] DEBUG:  checkpoint sync: number=96 file=base/24699/2612_vm time=0.000 ms
2026-09-25 14:27:54.394 UTC [10680] DEBUG:  checkpoint sync: number=97 file=base/24738/3079_fsm time=0.000 ms
2026-09-25 14:27:54.394 UTC [10680] DEBUG:  checkpoint sync: number=98 file=base/24699/3079_fsm time=0.000 ms
2026-09-25 14:27:54.394 UTC [10680] DEBUG:  checkpoint sync: number=99 file=base/24738/3394 time=0.000 ms
2026-09-25 14:27:54.394 UTC [10680] DEBUG:  checkpoint sync: number=100 file=base/24699/4145 time=0.002 ms
2026-09-25 14:27:54.394 UTC [10680] DEBUG:  checkpoint sync: number=101 file=base/24738/2838_vm time=0.001 ms
2026-09-25 14:27:54.394 UTC [10680] DEBUG:  checkpoint sync: number=102 file=base/24738/2615 time=0.000 ms
2026-09-25 14:27:54.394 UTC [10680] DEBUG:  checkpoint sync: number=103 file=base/24738/2691 time=0.000 ms
2026-09-25 14:27:54.394 UTC [10680] DEBUG:  checkpoint sync: number=104 file=base/24699/3596 time=0.002 ms
2026-09-25 14:27:54.394 UTC [10680] DEBUG:  checkpoint sync: number=105 file=base/24738/3609 time=0.000 ms
2026-09-25 14:27:54.394 UTC [10680] DEBUG:  checkpoint sync: number=106 file=base/24738/2616 time=0.001 ms
2026-09-25 14:27:54.394 UTC [10680] DEBUG:  checkpoint sync: number=107 file=base/24738/2603 time=0.000 ms
2026-09-25 14:27:54.394 UTC [10680] DEBUG:  checkpoint sync: number=108 file=base/24738/4148 time=0.000 ms
2026-09-25 14:27:54.394 UTC [10680] DEBUG:  checkpoint sync: number=109 file=base/24699/3534 time=0.000 ms
2026-09-25 14:27:54.394 UTC [10680] DEBUG:  checkpoint sync: number=110 file=base/24699/2668 time=0.000 ms
2026-09-25 14:27:54.394 UTC [10680] DEBUG:  checkpoint sync: number=111 file=base/24699/24724_fsm time=0.000 ms
2026-09-25 14:27:54.394 UTC [10680] DEBUG:  checkpoint sync: number=112 file=base/24699/3574 time=0.000 ms
2026-09-25 14:27:54.394 UTC [10680] DEBUG:  checkpoint sync: number=113 file=base/24699/4150 time=0.000 ms
2026-09-25 14:27:54.394 UTC [10680] DEBUG:  checkpoint sync: number=114 file=base/24699/6237 time=0.001 ms
2026-09-25 14:27:54.394 UTC [10680] DEBUG:  checkpoint sync: number=115 file=base/24699/2602_fsm time=0.000 ms
2026-09-25 14:27:54.394 UTC [10680] DEBUG:  checkpoint sync: number=116 file=base/24699/24724_vm time=0.000 ms
2026-09-25 14:27:54.394 UTC [10680] DEBUG:  checkpoint sync: number=117 file=base/24738/6175 time=0.002 ms
2026-09-25 14:27:54.394 UTC [10680] DEBUG:  checkpoint sync: number=118 file=base/24738/3456_fsm time=0.000 ms
2026-09-25 14:27:54.394 UTC [10680] DEBUG:  checkpoint sync: number=119 file=base/24738/6237 time=0.001 ms
2026-09-25 14:27:54.394 UTC [10680] DEBUG:  checkpoint sync: number=120 file=base/24738/6352 time=0.001 ms
2026-09-25 14:27:54.394 UTC [10680] DEBUG:  checkpoint sync: number=121 file=base/24738/2689 time=0.000 ms
2026-09-25 14:27:54.394 UTC [10680] DEBUG:  checkpoint sync: number=122 file=base/24699/3081 time=0.000 ms
2026-09-25 14:27:54.394 UTC [10680] DEBUG:  checkpoint sync: number=123 file=base/24699/3351 time=0.000 ms
2026-09-25 14:27:54.394 UTC [10680] DEBUG:  checkpoint sync: number=124 file=base/24699/13511_vm time=0.000 ms
2026-09-25 14:27:54.394 UTC [10680] DEBUG:  checkpoint sync: number=125 file=base/24699/6117 time=0.000 ms
2026-09-25 14:27:54.394 UTC [10680] DEBUG:  checkpoint sync: number=126 file=base/24699/6116 time=0.000 ms
2026-09-25 14:27:54.394 UTC [10680] DEBUG:  checkpoint sync: number=127 file=base/24738/4170 time=0.000 ms
2026-09-25 14:27:54.394 UTC [10680] DEBUG:  checkpoint sync: number=128 file=base/24699/549 time=0.000 ms
2026-09-25 14:27:54.394 UTC [10680] DEBUG:  checkpoint sync: number=129 file=base/24699/2608 time=0.000 ms
2026-09-25 14:27:54.394 UTC [10680] DEBUG:  checkpoint sync: number=130 file=base/24738/2839 time=0.000 ms
2026-09-25 14:27:54.394 UTC [10680] DEBUG:  checkpoint sync: number=131 file=base/24699/3380 time=0.000 ms
2026-09-25 14:27:54.394 UTC [10680] DEBUG:  checkpoint sync: number=132 file=base/24699/3602 time=0.000 ms
2026-09-25 14:27:54.394 UTC [10680] DEBUG:  checkpoint sync: number=133 file=base/24738/2609_vm time=0.001 ms
2026-09-25 14:27:54.394 UTC [10680] DEBUG:  checkpoint sync: number=134 file=base/24699/6238 time=0.001 ms
2026-09-25 14:27:54.394 UTC [10680] DEBUG:  checkpoint sync: number=135 file=base/24738/2840_vm time=0.000 ms
2026-09-25 14:27:54.394 UTC [10680] DEBUG:  checkpoint sync: number=136 file=base/24699/1247_vm time=0.000 ms
2026-09-25 14:27:54.394 UTC [10680] DEBUG:  checkpoint sync: number=137 file=base/24699/2753_fsm time=0.000 ms
2026-09-25 14:27:54.394 UTC [10680] DEBUG:  checkpoint sync: number=138 file=base/24738/2619_fsm time=0.001 ms
2026-09-25 14:27:54.394 UTC [10680] DEBUG:  checkpoint sync: number=139 file=base/24738/3431 time=0.001 ms
2026-09-25 14:27:54.394 UTC [10680] DEBUG:  checkpoint sync: number=140 file=base/24699/4158 time=0.000 ms
2026-09-25 14:27:54.394 UTC [10680] DEBUG:  checkpoint sync: number=141 file=base/24738/4155 time=0.001 ms
2026-09-25 14:27:54.394 UTC [10680] DEBUG:  checkpoint sync: number=142 file=base/24738/24759 time=0.000 ms
2026-09-25 14:27:54.394 UTC [10680] DEBUG:  checkpoint sync: number=143 file=base/24738/3541_vm time=0.000 ms
2026-09-25 14:27:54.394 UTC [10680] DEBUG:  checkpoint sync: number=144 file=base/24738/3599 time=0.000 ms
2026-09-25 14:27:54.394 UTC [10680] DEBUG:  checkpoint sync: number=145 file=base/24699/828 time=0.000 ms
2026-09-25 14:27:54.394 UTC [10680] DEBUG:  checkpoint sync: number=146 file=base/24738/2757 time=0.000 ms
2026-09-25 14:27:54.394 UTC [10680] DEBUG:  checkpoint sync: number=147 file=base/24738/3503 time=0.000 ms
2026-09-25 14:27:54.394 UTC [10680] DEBUG:  checkpoint sync: number=148 file=base/24699/3456_fsm time=0.000 ms
2026-09-25 14:27:54.394 UTC [10680] DEBUG:  checkpoint sync: number=149 file=base/24738/3576 time=0.002 ms
2026-09-25 14:27:54.394 UTC [10680] DEBUG:  checkpoint sync: number=150 file=base/24738/2832 time=0.002 ms
2026-09-25 14:27:54.394 UTC [10680] DEBUG:  checkpoint sync: number=151 file=base/24699/4172 time=0.000 ms
2026-09-25 14:27:54.394 UTC [10680] DEBUG:  checkpoint sync: number=152 file=base/24699/4163 time=0.002 ms
2026-09-25 14:27:54.394 UTC [10680] DEBUG:  checkpoint sync: number=153 file=base/24699/2753_vm time=0.000 ms
2026-09-25 14:27:54.394 UTC [10680] DEBUG:  checkpoint sync: number=154 file=base/24699/4171 time=0.005 ms
2026-09-25 14:27:54.394 UTC [10680] DEBUG:  checkpoint sync: number=155 file=base/24699/3455 time=0.000 ms
2026-09-25 14:27:54.394 UTC [10680] DEBUG:  checkpoint sync: number=156 file=base/24738/2675 time=0.000 ms
2026-09-25 14:27:54.394 UTC [10680] DEBUG:  checkpoint sync: number=157 file=base/24699/3430 time=0.001 ms
2026-09-25 14:27:54.394 UTC [10680] DEBUG:  checkpoint sync: number=158 file=base/24699/2995 time=0.001 ms
2026-09-25 14:27:54.394 UTC [10680] DEBUG:  checkpoint sync: number=159 file=base/24738/13521_fsm time=0.001 ms
2026-09-25 14:27:54.394 UTC [10680] DEBUG:  checkpoint sync: number=160 file=base/24738/3607 time=0.000 ms
2026-09-25 14:27:54.394 UTC [10680] DEBUG:  checkpoint sync: number=161 file=base/24738/2995 time=0.001 ms
2026-09-25 14:27:54.394 UTC [10680] DEBUG:  checkpoint sync: number=162 file=base/24699/3601_vm time=0.000 ms
2026-09-25 14:27:54.394 UTC [10680] DEBUG:  checkpoint sync: number=163 file=base/24738/3502 time=0.000 ms
2026-09-25 14:27:54.394 UTC [10680] DEBUG:  checkpoint sync: number=164 file=base/24699/2996 time=0.000 ms
2026-09-25 14:27:54.394 UTC [10680] DEBUG:  checkpoint sync: number=165 file=base/24738/3080 time=0.000 ms
2026-09-25 14:27:54.394 UTC [10680] DEBUG:  checkpoint sync: number=166 file=base/24699/2608_fsm time=0.000 ms
2026-09-25 14:27:54.394 UTC [10680] DEBUG:  checkpoint sync: number=167 file=base/24699/2699 time=0.001 ms
2026-09-25 14:27:54.394 UTC [10680] DEBUG:  checkpoint sync: number=168 file=base/24699/3606 time=0.001 ms
2026-09-25 14:27:54.394 UTC [10680] DEBUG:  checkpoint sync: number=169 file=base/24738/2601_vm time=0.000 ms
2026-09-25 14:27:54.394 UTC [10680] DEBUG:  checkpoint sync: number=170 file=base/24738/2836_fsm time=0.000 ms
2026-09-25 14:27:54.394 UTC [10680] DEBUG:  checkpoint sync: number=171 file=base/24738/3602_vm time=0.000 ms
2026-09-25 14:27:54.394 UTC [10680] DEBUG:  checkpoint sync: number=172 file=base/24699/2690 time=0.000 ms
2026-09-25 14:27:54.394 UTC [10680] DEBUG:  checkpoint sync: number=173 file=base/24738/2617 time=0.000 ms
2026-09-25 14:27:54.394 UTC [10680] DEBUG:  checkpoint sync: number=174 file=base/24738/2669 time=0.000 ms
2026-09-25 14:27:54.394 UTC [10680] DEBUG:  checkpoint sync: number=175 file=base/24699/3080 time=0.000 ms
2026-09-25 14:27:54.394 UTC [10680] DEBUG:  checkpoint sync: number=176 file=base/24699/3600_vm time=0.000 ms
2026-09-25 14:27:54.394 UTC [10680] DEBUG:  checkpoint sync: number=177 file=base/24738/2605 time=0.000 ms
2026-09-25 14:27:54.394 UTC [10680] DEBUG:  checkpoint sync: number=178 file=base/24699/3257 time=0.000 ms
2026-09-25 14:27:54.394 UTC [10680] DEBUG:  checkpoint sync: number=179 file=base/24699/24735 time=0.000 ms
2026-09-25 14:27:54.394 UTC [10680] DEBUG:  checkpoint sync: number=180 file=base/24738/4160 time=0.000 ms
2026-09-25 14:27:54.394 UTC [10680] DEBUG:  checkpoint sync: number=181 file=base/24738/2754 time=0.000 ms
2026-09-25 14:27:54.394 UTC [10680] DEBUG:  checkpoint sync: number=182 file=base/24699/4159 time=0.001 ms
2026-09-25 14:27:54.394 UTC [10680] DEBUG:  checkpoint sync: number=183 file=base/24699/3395 time=0.000 ms
2026-09-25 14:27:54.394 UTC [10680] DEBUG:  checkpoint sync: number=184 file=base/24699/2606 time=0.000 ms
2026-09-25 14:27:54.394 UTC [10680] DEBUG:  checkpoint sync: number=185 file=base/24699/24724 time=0.000 ms
2026-09-25 14:27:54.394 UTC [10680] DEBUG:  checkpoint sync: number=186 file=base/24738/3712 time=0.000 ms
2026-09-25 14:27:54.394 UTC [10680] DEBUG:  checkpoint sync: number=187 file=base/24699/4152 time=0.000 ms
2026-09-25 14:27:54.394 UTC [10680] DEBUG:  checkpoint sync: number=188 file=base/24699/3541_fsm time=0.001 ms
2026-09-25 14:27:54.394 UTC [10680] DEBUG:  checkpoint sync: number=189 file=global/2671 time=0.000 ms
2026-09-25 14:27:54.394 UTC [10680] DEBUG:  checkpoint sync: number=190 file=base/24699/3118 time=0.001 ms
2026-09-25 14:27:54.394 UTC [10680] DEBUG:  checkpoint sync: number=191 file=base/24699/3598 time=0.002 ms
2026-09-25 14:27:54.394 UTC [10680] DEBUG:  checkpoint sync: number=192 file=base/24699/13521_vm time=0.001 ms
2026-09-25 14:27:54.394 UTC [10680] DEBUG:  checkpoint sync: number=193 file=base/24699/4151 time=0.001 ms
2026-09-25 14:27:54.394 UTC [10680] DEBUG:  checkpoint sync: number=194 file=base/24738/2619 time=0.000 ms
2026-09-25 14:27:54.394 UTC [10680] DEBUG:  checkpoint sync: number=195 file=base/24738/1259_vm time=0.000 ms
2026-09-25 14:27:54.394 UTC [10680] DEBUG:  checkpoint sync: number=196 file=base/24738/2606_vm time=0.000 ms
2026-09-25 14:27:54.394 UTC [10680] DEBUG:  checkpoint sync: number=197 file=base/24699/2834 time=0.002 ms
2026-09-25 14:27:54.394 UTC [10680] DEBUG:  checkpoint sync: number=198 file=base/24738/2600 time=0.000 ms
2026-09-25 14:27:54.394 UTC [10680] DEBUG:  checkpoint sync: number=199 file=base/24699/2663 time=0.000 ms
2026-09-25 14:27:54.394 UTC [10680] DEBUG:  checkpoint sync: number=200 file=base/24699/13516 time=0.000 ms
2026-09-25 14:27:54.394 UTC [10680] DEBUG:  checkpoint sync: number=201 file=base/24738/13514 time=0.001 ms
2026-09-25 14:27:54.394 UTC [10680] DEBUG:  checkpoint sync: number=202 file=base/24699/2688 time=0.000 ms
2026-09-25 14:27:54.394 UTC [10680] DEBUG:  checkpoint sync: number=203 file=base/24738/2996 time=0.000 ms
2026-09-25 14:27:54.394 UTC [10680] DEBUG:  checkpoint sync: number=204 file=base/24738/1249 time=0.000 ms
2026-09-25 14:27:54.394 UTC [10680] DEBUG:  checkpoint sync: number=205 file=base/24738/13530 time=0.001 ms
2026-09-25 14:27:54.394 UTC [10680] DEBUG:  checkpoint sync: number=206 file=base/24699/4147 time=0.002 ms
2026-09-25 14:27:54.394 UTC [10680] DEBUG:  checkpoint sync: number=207 file=base/24699/2653 time=0.000 ms
2026-09-25 14:27:54.394 UTC [10680] DEBUG:  checkpoint sync: number=208 file=base/24699/3576 time=0.002 ms
2026-09-25 14:27:54.394 UTC [10680] DEBUG:  checkpoint sync: number=209 file=base/24699/2608_vm time=0.001 ms
2026-09-25 14:27:54.394 UTC [10680] DEBUG:  checkpoint sync: number=210 file=base/24738/4150 time=0.001 ms
2026-09-25 14:27:54.394 UTC [10680] DEBUG:  checkpoint sync: number=211 file=base/24699/2604 time=0.001 ms
2026-09-25 14:27:54.394 UTC [10680] DEBUG:  checkpoint sync: number=212 file=base/24699/24730 time=0.002 ms
2026-09-25 14:27:54.394 UTC [10680] DEBUG:  checkpoint sync: number=213 file=base/24738/3601 time=0.001 ms
2026-09-25 14:27:54.394 UTC [10680] DEBUG:  checkpoint sync: number=214 file=base/24738/4152 time=0.000 ms
2026-09-25 14:27:54.394 UTC [10680] DEBUG:  checkpoint sync: number=215 file=base/24699/4164 time=0.000 ms
2026-09-25 14:27:54.394 UTC [10680] DEBUG:  checkpoint sync: number=216 file=base/24699/3600_fsm time=0.000 ms
2026-09-25 14:27:54.394 UTC [10680] DEBUG:  checkpoint sync: number=217 file=base/24738/3542 time=0.000 ms
2026-09-25 14:27:54.394 UTC [10680] DEBUG:  checkpoint sync: number=218 file=base/24738/828 time=0.000 ms
2026-09-25 14:27:54.394 UTC [10680] DEBUG:  checkpoint sync: number=219 file=base/24699/4146 time=0.000 ms
2026-09-25 14:27:54.394 UTC [10680] DEBUG:  checkpoint sync: number=220 file=base/24738/3380 time=0.001 ms
2026-09-25 14:27:54.394 UTC [10680] DEBUG:  checkpoint sync: number=221 file=base/24699/2666 time=0.000 ms
2026-09-25 14:27:54.394 UTC [10680] DEBUG:  checkpoint sync: number=222 file=base/24699/2650 time=0.000 ms
2026-09-25 14:27:54.394 UTC [10680] DEBUG:  checkpoint sync: number=223 file=base/24699/24734 time=0.001 ms
2026-09-25 14:27:54.394 UTC [10680] DEBUG:  checkpoint sync: number=224 file=base/24738/2756 time=0.000 ms
2026-09-25 14:27:54.394 UTC [10680] DEBUG:  checkpoint sync: number=225 file=base/24738/1247_fsm time=0.000 ms
2026-09-25 14:27:54.394 UTC [10680] DEBUG:  checkpoint sync: number=226 file=base/24699/2328 time=0.002 ms
2026-09-25 14:27:54.394 UTC [10680] DEBUG:  checkpoint sync: number=227 file=base/24738/3256 time=0.001 ms
2026-09-25 14:27:54.395 UTC [10680] DEBUG:  checkpoint sync: number=228 file=base/24699/4166 time=0.001 ms
2026-09-25 14:27:54.395 UTC [10680] DEBUG:  checkpoint sync: number=229 file=base/24738/3085 time=0.000 ms
2026-09-25 14:27:54.395 UTC [10680] DEBUG:  checkpoint sync: number=230 file=base/24699/2662 time=0.001 ms
2026-09-25 14:27:54.395 UTC [10680] DEBUG:  checkpoint sync: number=231 file=base/24699/2615_fsm time=0.000 ms
2026-09-25 14:27:54.395 UTC [10680] DEBUG:  checkpoint sync: number=232 file=base/24699/3350 time=0.001 ms
2026-09-25 14:27:54.395 UTC [10680] DEBUG:  checkpoint sync: number=233 file=base/24738/4173 time=0.002 ms
2026-09-25 14:27:54.395 UTC [10680] DEBUG:  checkpoint sync: number=234 file=base/24699/4143 time=0.002 ms
2026-09-25 14:27:54.395 UTC [10680] DEBUG:  checkpoint sync: number=235 file=base/24738/6112 time=0.000 ms
2026-09-25 14:27:54.395 UTC [10680] DEBUG:  checkpoint sync: number=236 file=base/24699/4148 time=0.000 ms
2026-09-25 14:27:54.395 UTC [10680] DEBUG:  checkpoint sync: number=237 file=base/24699/3601 time=0.000 ms
2026-09-25 14:27:54.395 UTC [10680] DEBUG:  checkpoint sync: number=238 file=base/24738/2831 time=0.000 ms
2026-09-25 14:27:54.395 UTC [10680] DEBUG:  checkpoint sync: number=239 file=base/16507/1255 time=0.000 ms
2026-09-25 14:27:54.395 UTC [10680] DEBUG:  checkpoint sync: number=240 file=base/24738/2665 time=0.000 ms
2026-09-25 14:27:54.395 UTC [10680] DEBUG:  checkpoint sync: number=241 file=base/24738/3602 time=0.000 ms
2026-09-25 14:27:54.395 UTC [10680] DEBUG:  checkpoint sync: number=242 file=base/24738/3395 time=0.000 ms
2026-09-25 14:27:54.395 UTC [10680] DEBUG:  checkpoint sync: number=243 file=base/24738/2656 time=0.000 ms
2026-09-25 14:27:54.395 UTC [10680] DEBUG:  checkpoint sync: number=244 file=base/24699/1247 time=0.000 ms
2026-09-25 14:27:54.395 UTC [10680] DEBUG:  checkpoint sync: number=245 file=base/24699/2615_vm time=0.000 ms
2026-09-25 14:27:54.395 UTC [10680] DEBUG:  checkpoint sync: number=246 file=base/24738/1255_fsm time=0.000 ms
2026-09-25 14:27:54.395 UTC [10680] DEBUG:  checkpoint sync: number=247 file=base/24738/2606 time=0.000 ms
2026-09-25 14:27:54.395 UTC [10680] DEBUG:  checkpoint sync: number=248 file=base/24699/4165 time=0.002 ms
2026-09-25 14:27:54.395 UTC [10680] DEBUG:  checkpoint sync: number=249 file=base/24699/3119 time=0.000 ms
2026-09-25 14:27:54.395 UTC [10680] DEBUG:  checkpoint sync: number=250 file=base/24738/2615_fsm time=0.000 ms
2026-09-25 14:27:54.395 UTC [10680] DEBUG:  checkpoint sync: number=251 file=base/24738/13515 time=0.000 ms
2026-09-25 14:27:54.395 UTC [10680] DEBUG:  checkpoint sync: number=252 file=base/24699/13526_vm time=0.000 ms
2026-09-25 14:27:54.395 UTC [10680] DEBUG:  checkpoint sync: number=253 file=base/24699/2660 time=0.000 ms
2026-09-25 14:27:54.395 UTC [10680] DEBUG:  checkpoint sync: number=254 file=base/24699/1259_vm time=0.000 ms
2026-09-25 14:27:54.395 UTC [10680] DEBUG:  checkpoint sync: number=255 file=base/24699/24731 time=0.002 ms
2026-09-25 14:27:54.395 UTC [10680] DEBUG:  checkpoint sync: number=256 file=base/24738/13516_vm time=0.000 ms
2026-09-25 14:27:54.395 UTC [10680] DEBUG:  checkpoint sync: number=257 file=base/24738/24763 time=0.002 ms
2026-09-25 14:27:54.395 UTC [10680] DEBUG:  checkpoint sync: number=258 file=base/24699/2605_vm time=0.000 ms
2026-09-25 14:27:54.395 UTC [10680] DEBUG:  checkpoint sync: number=259 file=base/24738/2701 time=0.000 ms
2026-09-25 14:27:54.395 UTC [10680] DEBUG:  checkpoint sync: number=260 file=base/24699/1259 time=0.000 ms
2026-09-25 14:27:54.395 UTC [10680] DEBUG:  checkpoint sync: number=261 file=base/24699/2607_vm time=0.000 ms
2026-09-25 14:27:54.395 UTC [10680] DEBUG:  checkpoint sync: number=262 file=base/24699/3603 time=0.001 ms
2026-09-25 14:27:54.395 UTC [10680] DEBUG:  checkpoint sync: number=263 file=base/24738/2702 time=0.000 ms
2026-09-25 14:27:54.395 UTC [10680] DEBUG:  checkpoint sync: number=264 file=base/24738/4166 time=0.000 ms
2026-09-25 14:27:54.395 UTC [10680] DEBUG:  checkpoint sync: number=265 file=base/24699/2836 time=0.000 ms
2026-09-25 14:27:54.395 UTC [10680] DEBUG:  checkpoint sync: number=266 file=base/24699/2693 time=0.000 ms
2026-09-25 14:27:54.395 UTC [10680] DEBUG:  checkpoint sync: number=267 file=base/24738/4143 time=0.001 ms
2026-09-25 14:27:54.395 UTC [10680] DEBUG:  checkpoint sync: number=268 file=base/24738/2834 time=0.002 ms
2026-09-25 14:27:54.395 UTC [10680] DEBUG:  checkpoint sync: number=269 file=base/24738/3764 time=0.000 ms
2026-09-25 14:27:54.395 UTC [10680] DEBUG:  checkpoint sync: number=270 file=base/24699/2601_vm time=0.000 ms
2026-09-25 14:27:54.395 UTC [10680] DEBUG:  checkpoint sync: number=271 file=base/24738/2600_vm time=0.000 ms
2026-09-25 14:27:54.395 UTC [10680] DEBUG:  checkpoint sync: number=272 file=base/24699/2838_vm time=0.000 ms
2026-09-25 14:27:54.395 UTC [10680] DEBUG:  checkpoint sync: number=273 file=base/24738/13516_fsm time=0.000 ms
2026-09-25 14:27:54.395 UTC [10680] DEBUG:  checkpoint sync: number=274 file=base/24699/2337 time=0.000 ms
2026-09-25 14:27:54.395 UTC [10680] DEBUG:  checkpoint sync: number=275 file=base/24699/2606_vm time=0.000 ms
2026-09-25 14:27:54.395 UTC [10680] DEBUG:  checkpoint sync: number=276 file=base/24699/2616 time=0.000 ms
2026-09-25 14:27:54.395 UTC [10680] DEBUG:  checkpoint sync: number=277 file=base/24738/2690 time=0.000 ms
2026-09-25 14:27:54.395 UTC [10680] DEBUG:  checkpoint sync: number=278 file=base/24738/3079_vm time=0.000 ms
2026-09-25 14:27:54.395 UTC [10680] DEBUG:  checkpoint sync: number=279 file=base/24738/2601 time=0.000 ms
2026-09-25 14:27:54.395 UTC [10680] DEBUG:  checkpoint sync: number=280 file=base/24738/2830 time=0.001 ms
2026-09-25 14:27:54.395 UTC [10680] DEBUG:  checkpoint sync: number=281 file=base/24738/2838_fsm time=0.000 ms
2026-09-25 14:27:54.395 UTC [10680] DEBUG:  checkpoint sync: number=282 file=base/24738/4146 time=0.000 ms
2026-09-25 14:27:54.395 UTC [10680] DEBUG:  checkpoint sync: number=283 file=base/24699/2682 time=0.000 ms
2026-09-25 14:27:54.395 UTC [10680] DEBUG:  checkpoint sync: number=284 file=base/24699/2605_fsm time=0.000 ms
2026-09-25 14:27:54.395 UTC [10680] DEBUG:  checkpoint sync: number=285 file=base/24699/2601_fsm time=0.000 ms
2026-09-25 14:27:54.395 UTC [10680] DEBUG:  checkpoint sync: number=286 file=base/24738/4169 time=0.001 ms
2026-09-25 14:27:54.395 UTC [10680] DEBUG:  checkpoint sync: number=287 file=base/24699/1249 time=0.000 ms
2026-09-25 14:27:54.395 UTC [10680] DEBUG:  checkpoint sync: number=288 file=base/24738/3379 time=0.000 ms
2026-09-25 14:27:54.395 UTC [10680] DEBUG:  checkpoint sync: number=289 file=base/24738/13529 time=0.001 ms
2026-09-25 14:27:54.395 UTC [10680] DEBUG:  checkpoint sync: number=290 file=base/24738/2670 time=0.000 ms
2026-09-25 14:27:54.395 UTC [10680] DEBUG:  checkpoint sync: number=291 file=base/24738/3608 time=0.000 ms
2026-09-25 14:27:54.395 UTC [10680] DEBUG:  checkpoint sync: number=292 file=base/24738/3466 time=0.001 ms
2026-09-25 14:27:54.395 UTC [10680] DEBUG:  checkpoint sync: number=293 file=base/24699/2601 time=0.000 ms
2026-09-25 14:27:54.395 UTC [10680] DEBUG:  checkpoint sync: number=294 file=base/24699/6106 time=0.001 ms
2026-09-25 14:27:54.395 UTC [10680] DEBUG:  checkpoint sync: number=295 file=base/24738/5002 time=0.000 ms
2026-09-25 14:27:54.395 UTC [10680] DEBUG:  checkpoint sync: number=296 file=base/24738/2615_vm time=0.000 ms
2026-09-25 14:27:54.395 UTC [10680] DEBUG:  checkpoint sync: number=297 file=base/24699/3431 time=0.000 ms
2026-09-25 14:27:54.395 UTC [10680] DEBUG:  checkpoint sync: number=298 file=base/24699/2654 time=0.001 ms
2026-09-25 14:27:54.395 UTC [10680] DEBUG:  checkpoint sync: number=299 file=base/24738/6102 time=0.002 ms
2026-09-25 14:27:54.395 UTC [10680] DEBUG:  checkpoint sync: number=300 file=base/24699/2603 time=0.000 ms
2026-09-25 14:27:54.395 UTC [10680] DEBUG:  checkpoint sync: number=301 file=base/24738/2693 time=0.000 ms
2026-09-25 14:27:54.395 UTC [10680] DEBUG:  checkpoint sync: number=302 file=base/24738/3455 time=0.000 ms
2026-09-25 14:27:54.395 UTC [10680] DEBUG:  checkpoint sync: number=303 file=base/24738/3597 time=0.000 ms
2026-09-25 14:27:54.395 UTC [10680] DEBUG:  checkpoint sync: number=304 file=base/24738/4168 time=0.000 ms
2026-09-25 14:27:54.395 UTC [10680] DEBUG:  checkpoint sync: number=305 file=base/24738/2685 time=0.000 ms
2026-09-25 14:27:54.395 UTC [10680] DEBUG:  checkpoint sync: number=306 file=base/24738/13521_vm time=0.000 ms
2026-09-25 14:27:54.395 UTC [10680] DEBUG:  checkpoint sync: number=307 file=base/24738/3394_vm time=0.000 ms
2026-09-25 14:27:54.395 UTC [10680] DEBUG:  checkpoint sync: number=308 file=base/24699/2837 time=0.000 ms
2026-09-25 14:27:54.395 UTC [10680] DEBUG:  checkpoint sync: number=309 file=base/24699/2617_vm time=0.001 ms
2026-09-25 14:27:54.395 UTC [10680] DEBUG:  checkpoint sync: number=310 file=base/24738/2668 time=0.000 ms
2026-09-25 14:27:54.395 UTC [10680] DEBUG:  checkpoint sync: number=311 file=base/24738/3257 time=0.000 ms
2026-09-25 14:27:54.395 UTC [10680] DEBUG:  checkpoint sync: number=312 file=base/24738/3764_vm time=0.000 ms
2026-09-25 14:27:54.395 UTC [10680] DEBUG:  checkpoint sync: number=313 file=base/24699/2658 time=0.000 ms
2026-09-25 14:27:54.395 UTC [10680] DEBUG:  checkpoint sync: number=314 file=base/24738/2652 time=0.000 ms
2026-09-25 14:27:54.395 UTC [10680] DEBUG:  checkpoint sync: number=315 file=pg_xact/0000 time=0.004 ms
2026-09-25 14:27:54.395 UTC [10680] DEBUG:  checkpoint sync: number=316 file=base/24738/2650 time=0.000 ms
2026-09-25 14:27:54.395 UTC [10680] DEBUG:  checkpoint sync: number=317 file=base/24699/13515 time=0.000 ms
2026-09-25 14:27:54.395 UTC [10680] DEBUG:  checkpoint sync: number=318 file=base/24738/2666 time=0.000 ms
2026-09-25 14:27:54.395 UTC [10680] DEBUG:  checkpoint sync: number=319 file=base/24738/2655 time=0.000 ms
2026-09-25 14:27:54.395 UTC [10680] DEBUG:  checkpoint sync: number=320 file=base/24738/24775 time=0.002 ms
2026-09-25 14:27:54.395 UTC [10680] DEBUG:  checkpoint sync: number=321 file=base/24699/3164 time=0.000 ms
2026-09-25 14:27:54.395 UTC [10680] DEBUG:  checkpoint sync: number=322 file=base/24738/6106 time=0.001 ms
2026-09-25 14:27:54.395 UTC [10680] DEBUG:  checkpoint sync: number=323 file=base/24699/2679 time=0.000 ms
2026-09-25 14:27:54.395 UTC [10680] DEBUG:  checkpoint sync: number=324 file=base/24738/1259_fsm time=0.000 ms
2026-09-25 14:27:54.395 UTC [10680] DEBUG:  checkpoint sync: number=325 file=base/24699/13526 time=0.000 ms
2026-09-25 14:27:54.395 UTC [10680] DEBUG:  checkpoint sync: number=326 file=base/24738/112 time=0.000 ms
2026-09-25 14:27:54.395 UTC [10680] DEBUG:  checkpoint sync: number=327 file=base/24699/2703 time=0.000 ms
2026-09-25 14:27:54.395 UTC [10680] DEBUG:  checkpoint sync: number=328 file=base/24699/1418 time=0.003 ms
2026-09-25 14:27:54.395 UTC [10680] DEBUG:  checkpoint sync: number=329 file=base/24738/6238 time=0.001 ms
2026-09-25 14:27:54.395 UTC [10680] DEBUG:  checkpoint sync: number=330 file=base/24699/2838_fsm time=0.000 ms
2026-09-25 14:27:54.395 UTC [10680] DEBUG:  checkpoint sync: number=331 file=base/24699/2618_fsm time=0.001 ms
2026-09-25 14:27:54.395 UTC [10680] DEBUG:  checkpoint sync: number=332 file=base/24699/2605 time=0.000 ms
2026-09-25 14:27:54.395 UTC [10680] DEBUG:  checkpoint sync: number=333 file=base/24738/2617_fsm time=0.000 ms
2026-09-25 14:27:54.395 UTC [10680] DEBUG:  checkpoint sync: number=334 file=base/24738/2611 time=0.001 ms
2026-09-25 14:27:54.395 UTC [10680] DEBUG:  checkpoint sync: number=335 file=base/24738/6113 time=0.000 ms
2026-09-25 14:27:54.395 UTC [10680] DEBUG:  checkpoint sync: number=336 file=base/24699/2619 time=0.000 ms
2026-09-25 14:27:54.395 UTC [10680] DEBUG:  checkpoint sync: number=337 file=base/24699/3381 time=0.002 ms
2026-09-25 14:27:54.395 UTC [10680] DEBUG:  checkpoint sync: number=338 file=base/24738/1259 time=0.000 ms
2026-09-25 14:27:54.395 UTC [10680] DEBUG:  checkpoint sync: number=339 file=base/24738/2618 time=0.000 ms
2026-09-25 14:27:54.395 UTC [10680] DEBUG:  checkpoint sync: number=340 file=base/24699/2613 time=0.002 ms
2026-09-25 14:27:54.395 UTC [10680] DEBUG:  checkpoint sync: number=341 file=base/24699/3603_fsm time=0.000 ms
2026-09-25 14:27:54.395 UTC [10680] DEBUG:  checkpoint sync: number=342 file=base/24738/2703 time=0.000 ms
2026-09-25 14:27:54.395 UTC [10680] DEBUG:  checkpoint sync: number=343 file=base/24699/2678 time=0.001 ms
2026-09-25 14:27:54.395 UTC [10680] DEBUG:  checkpoint sync: number=344 file=base/24699/2602_vm time=0.000 ms
2026-09-25 14:27:54.395 UTC [10680] DEBUG:  checkpoint sync: number=345 file=base/24738/2660 time=0.000 ms
2026-09-25 14:27:54.395 UTC [10680] DEBUG:  checkpoint sync: number=346 file=base/24738/1255 time=0.000 ms
2026-09-25 14:27:54.395 UTC [10680] DEBUG:  checkpoint sync: number=347 file=base/24699/2681 time=0.001 ms
2026-09-25 14:27:54.395 UTC [10680] DEBUG:  checkpoint sync: number=348 file=base/24699/4154 time=0.000 ms
2026-09-25 14:27:54.395 UTC [10680] DEBUG:  checkpoint sync: number=349 file=base/24699/3258 time=0.014 ms
2026-09-25 14:27:54.395 UTC [10680] DEBUG:  checkpoint sync: number=350 file=base/24699/2612_fsm time=0.000 ms
2026-09-25 14:27:54.395 UTC [10680] DEBUG:  checkpoint sync: number=351 file=base/24738/6110 time=0.000 ms
2026-09-25 14:27:54.395 UTC [10680] DEBUG:  checkpoint sync: number=352 file=base/24738/2601_fsm time=0.000 ms
2026-09-25 14:27:54.395 UTC [10680] DEBUG:  checkpoint sync: number=353 file=global/1214 time=0.000 ms
2026-09-25 14:27:54.395 UTC [10680] DEBUG:  checkpoint sync: number=354 file=base/24699/2579 time=0.000 ms
2026-09-25 14:27:54.395 UTC [10680] DEBUG:  checkpoint sync: number=355 file=base/24738/4157 time=0.002 ms
2026-09-25 14:27:54.395 UTC [10680] DEBUG:  checkpoint sync: number=356 file=base/24738/6116 time=0.000 ms
2026-09-25 14:27:54.395 UTC [10680] DEBUG:  checkpoint sync: number=357 file=base/24699/2611 time=0.001 ms
2026-09-25 14:27:54.395 UTC [10680] DEBUG:  checkpoint sync: number=358 file=base/24738/2606_fsm time=0.000 ms
2026-09-25 14:27:54.395 UTC [10680] DEBUG:  checkpoint sync: number=359 file=base/24738/4167 time=0.001 ms
2026-09-25 14:27:54.395 UTC [10680] DEBUG:  checkpoint sync: number=360 file=base/24738/3602_fsm time=0.000 ms
2026-09-25 14:27:54.395 UTC [10680] DEBUG:  checkpoint sync: number=361 file=base/24699/1255_fsm time=0.000 ms
2026-09-25 14:27:54.395 UTC [10680] DEBUG:  checkpoint sync: number=362 file=base/24699/13524 time=0.001 ms
2026-09-25 14:27:54.395 UTC [10680] DEBUG:  checkpoint sync: number=363 file=base/24738/4149 time=0.008 ms
2026-09-25 14:27:54.395 UTC [10680] DEBUG:  checkpoint sync: number=364 file=base/24738/13524 time=0.002 ms
2026-09-25 14:27:54.395 UTC [10680] DEBUG:  checkpoint sync: number=365 file=base/24699/2600_fsm time=0.000 ms
2026-09-25 14:27:54.395 UTC [10680] DEBUG:  checkpoint sync: number=366 file=base/24738/3997 time=0.000 ms
2026-09-25 14:27:54.395 UTC [10680] DEBUG:  checkpoint sync: number=367 file=base/24699/3603_vm time=0.000 ms
2026-09-25 14:27:54.395 UTC [10680] DEBUG:  checkpoint sync: number=368 file=base/24738/3164 time=0.000 ms
2026-09-25 14:27:54.395 UTC [10680] DEBUG:  checkpoint sync: number=369 file=base/24738/4153 time=0.001 ms
2026-09-25 14:27:54.395 UTC [10680] DEBUG:  checkpoint sync: number=370 file=base/24738/1249_vm time=0.000 ms
2026-09-25 14:27:54.395 UTC [10680] DEBUG:  checkpoint sync: number=371 file=base/24738/2753_vm time=0.000 ms
2026-09-25 14:27:54.395 UTC [10680] DEBUG:  checkpoint sync: number=372 file=base/24738/2602_fsm time=0.000 ms
2026-09-25 14:27:54.395 UTC [10680] DEBUG:  checkpoint sync: number=373 file=base/24699/2617 time=0.000 ms
2026-09-25 14:27:54.395 UTC [10680] DEBUG:  checkpoint sync: number=374 file=base/24738/2696 time=0.000 ms
2026-09-25 14:27:54.395 UTC [10680] DEBUG:  checkpoint sync: number=375 file=base/24738/2602_vm time=0.000 ms
2026-09-25 14:27:54.395 UTC [10680] DEBUG:  checkpoint sync: number=376 file=base/24699/2832 time=0.002 ms
2026-09-25 14:27:54.395 UTC [10680] DEBUG:  checkpoint sync: number=377 file=base/24699/2224 time=0.001 ms
2026-09-25 14:27:54.395 UTC [10680] DEBUG:  checkpoint sync: number=378 file=base/24738/2659 time=0.000 ms
2026-09-25 14:27:54.395 UTC [10680] DEBUG:  checkpoint sync: number=379 file=base/24699/2603_vm time=0.000 ms
2026-09-25 14:27:54.395 UTC [10680] DEBUG:  checkpoint sync: number=380 file=base/24699/2841 time=0.000 ms
2026-09-25 14:27:54.395 UTC [10680] DEBUG:  checkpoint sync: number=381 file=base/24699/6112 time=0.001 ms
2026-09-25 14:27:54.395 UTC [10680] DEBUG:  checkpoint sync: number=382 file=base/24738/3501 time=0.001 ms
2026-09-25 14:27:54.395 UTC [10680] DEBUG:  checkpoint sync: number=383 file=base/24699/3764_fsm time=0.000 ms
2026-09-25 14:27:54.395 UTC [10680] DEBUG:  checkpoint sync: number=384 file=base/24738/2653 time=0.000 ms
2026-09-25 14:27:54.395 UTC [10680] DEBUG:  checkpoint sync: number=385 file=base/24699/2833 time=0.000 ms
2026-09-25 14:27:54.395 UTC [10680] DEBUG:  checkpoint sync: number=386 file=base/24738/3605 time=0.000 ms
2026-09-25 14:27:54.395 UTC [10680] DEBUG:  checkpoint sync: number=387 file=base/24738/2608 time=0.000 ms
2026-09-25 14:27:54.395 UTC [10680] DEBUG:  checkpoint sync: number=388 file=base/24738/3766 time=0.000 ms
2026-09-25 14:27:54.395 UTC [10680] DEBUG:  checkpoint sync: number=389 file=base/24699/2840 time=0.000 ms
2026-09-25 14:27:54.395 UTC [10680] DEBUG:  checkpoint sync: number=390 file=base/24738/1247 time=0.000 ms
2026-09-25 14:27:54.395 UTC [10680] DEBUG:  checkpoint sync: number=391 file=base/24738/1418 time=0.001 ms
2026-09-25 14:27:54.395 UTC [10680] DEBUG:  checkpoint sync: number=392 file=base/24699/3597 time=0.000 ms
2026-09-25 14:27:54.395 UTC [10680] DEBUG:  checkpoint sync: number=393 file=base/24738/4147 time=0.001 ms
2026-09-25 14:27:54.395 UTC [10680] DEBUG:  checkpoint sync: number=394 file=base/24699/6111 time=0.000 ms
2026-09-25 14:27:54.395 UTC [10680] DEBUG:  checkpoint sync: number=395 file=base/24699/3467 time=0.000 ms
2026-09-25 14:27:54.395 UTC [10680] DEBUG:  checkpoint sync: number=396 file=base/24738/3440 time=0.000 ms
2026-09-25 14:27:54.395 UTC [10680] DEBUG:  checkpoint sync: number=397 file=base/24738/3456_vm time=0.000 ms
2026-09-25 14:27:54.395 UTC [10680] DEBUG:  checkpoint sync: number=398 file=base/24699/4160 time=0.000 ms
2026-09-25 14:27:54.395 UTC [10680] DEBUG:  checkpoint sync: number=399 file=base/24738/3394_fsm time=0.000 ms
2026-09-25 14:27:54.395 UTC [10680] DEBUG:  checkpoint sync: number=400 file=base/24738/6351 time=0.001 ms
2026-09-25 14:27:54.395 UTC [10680] DEBUG:  checkpoint sync: number=401 file=base/24738/2618_fsm time=0.000 ms
2026-09-25 14:27:54.395 UTC [10680] DEBUG:  checkpoint sync: number=402 file=base/24699/2685 time=0.000 ms
2026-09-25 14:27:54.395 UTC [10680] DEBUG:  checkpoint sync: number=403 file=base/24699/6102 time=0.002 ms
2026-09-25 14:27:54.395 UTC [10680] DEBUG:  checkpoint sync: number=404 file=base/24738/2687 time=0.000 ms
2026-09-25 14:27:54.395 UTC [10680] DEBUG:  checkpoint sync: number=405 file=base/24738/3258 time=0.000 ms
2026-09-25 14:27:54.395 UTC [10680] DEBUG:  checkpoint sync: number=406 file=base/24738/3429 time=0.002 ms
2026-09-25 14:27:54.395 UTC [10680] DEBUG:  checkpoint sync: number=407 file=base/24738/3596 time=0.001 ms
2026-09-25 14:27:54.395 UTC [10680] DEBUG:  checkpoint sync: number=408 file=base/24699/2684 time=0.000 ms
2026-09-25 14:27:54.395 UTC [10680] DEBUG:  checkpoint sync: number=409 file=base/24699/13521 time=0.000 ms
2026-09-25 14:27:54.395 UTC [10680] DEBUG:  checkpoint sync: number=410 file=base/24738/2692 time=0.000 ms
2026-09-25 14:27:54.395 UTC [10680] DEBUG:  checkpoint sync: number=411 file=base/24738/2753_fsm time=0.000 ms
2026-09-25 14:27:54.395 UTC [10680] DEBUG:  checkpoint sync: number=412 file=base/24699/3600 time=0.000 ms
2026-09-25 14:27:54.395 UTC [10680] DEBUG:  checkpoint sync: number=413 file=base/24699/827 time=0.000 ms
2026-09-25 14:27:54.395 UTC [10680] DEBUG:  checkpoint sync: number=414 file=base/24699/2228 time=0.000 ms
2026-09-25 14:27:54.395 UTC [10680] DEBUG:  checkpoint sync: number=415 file=base/24738/4145 time=0.001 ms
2026-09-25 14:27:54.395 UTC [10680] DEBUG:  checkpoint sync: number=416 file=base/24738/2579 time=0.000 ms
2026-09-25 14:27:54.395 UTC [10680] DEBUG:  checkpoint sync: number=417 file=base/24738/24764 time=0.002 ms
2026-09-25 14:27:54.395 UTC [10680] DEBUG:  checkpoint sync: number=418 file=global/2672 time=0.000 ms
2026-09-25 14:27:54.395 UTC [10680] DEBUG:  checkpoint sync: number=419 file=base/24699/2831 time=0.000 ms
2026-09-25 14:27:54.395 UTC [10680] DEBUG:  checkpoint sync: number=420 file=base/24699/3541_vm time=0.000 ms
2026-09-25 14:27:54.395 UTC [10680] DEBUG:  checkpoint sync: number=421 file=base/24738/6228 time=0.001 ms
2026-09-25 14:27:54.395 UTC [10680] DEBUG:  checkpoint sync: number=422 file=base/24738/6229 time=0.000 ms
2026-09-25 14:27:54.395 UTC [10680] DEBUG:  checkpoint sync: number=423 file=base/24738/3119 time=0.000 ms
2026-09-25 14:27:54.395 UTC [10680] DEBUG:  checkpoint sync: number=424 file=base/24738/2620 time=0.001 ms
2026-09-25 14:27:54.395 UTC [10680] DEBUG:  checkpoint sync: number=425 file=base/24738/24776 time=0.000 ms
2026-09-25 14:27:54.395 UTC [10680] DEBUG:  checkpoint sync: number=426 file=base/24738/2699 time=0.000 ms
2026-09-25 14:27:54.395 UTC [10680] DEBUG:  checkpoint sync: number=427 file=base/24699/6352 time=0.000 ms
2026-09-25 14:27:54.395 UTC [10680] DEBUG:  checkpoint sync: number=428 file=base/24699/826 time=0.001 ms
2026-09-25 14:27:54.395 UTC [10680] DEBUG:  checkpoint sync: number=429 file=base/24699/2754 time=0.000 ms
2026-09-25 14:27:54.395 UTC [10680] DEBUG:  checkpoint sync: number=430 file=base/24699/1255_vm time=0.000 ms
2026-09-25 14:27:54.395 UTC [10680] DEBUG:  checkpoint sync: number=431 file=base/24699/13525 time=0.000 ms
2026-09-25 14:27:54.395 UTC [10680] DEBUG:  checkpoint sync: number=432 file=base/24699/2838 time=0.001 ms
2026-09-25 14:27:54.395 UTC [10680] DEBUG:  checkpoint sync: number=433 file=base/24699/2651 time=0.000 ms
2026-09-25 14:27:54.395 UTC [10680] DEBUG:  checkpoint sync: number=434 file=base/24738/174 time=0.000 ms
2026-09-25 14:27:54.395 UTC [10680] DEBUG:  checkpoint sync: number=435 file=base/24738/4163 time=0.002 ms
2026-09-25 14:27:54.395 UTC [10680] DEBUG:  checkpoint sync: number=436 file=base/24738/24766 time=0.000 ms
2026-09-25 14:27:54.395 UTC [10680] DEBUG:  checkpoint sync: number=437 file=base/24699/3503 time=0.000 ms
2026-09-25 14:27:54.395 UTC [10680] DEBUG:  checkpoint sync: number=438 file=base/24738/2661 time=0.000 ms
2026-09-25 14:27:54.395 UTC [10680] DEBUG:  checkpoint sync: number=439 file=base/24699/4156 time=0.000 ms
2026-09-25 14:27:54.395 UTC [10680] DEBUG:  checkpoint sync: number=440 file=base/24699/6229 time=0.000 ms
2026-09-25 14:27:54.395 UTC [10680] DEBUG:  checkpoint sync: number=441 file=base/24699/2674 time=0.000 ms
2026-09-25 14:27:54.395 UTC [10680] DEBUG:  checkpoint sync: number=442 file=base/24738/2688 time=0.000 ms
2026-09-25 14:27:54.395 UTC [10680] DEBUG:  checkpoint sync: number=443 file=base/24699/6228 time=0.001 ms
2026-09-25 14:27:54.395 UTC [10680] DEBUG:  checkpoint sync: number=444 file=base/24699/2617_fsm time=0.000 ms
2026-09-25 14:27:54.395 UTC [10680] DEBUG:  checkpoint sync: number=445 file=base/24699/2840_fsm time=0.000 ms
2026-09-25 14:27:54.395 UTC [10680] DEBUG:  checkpoint sync: number=446 file=base/24738/3604 time=0.000 ms
2026-09-25 14:27:54.395 UTC [10680] DEBUG:  checkpoint sync: number=447 file=base/24699/3997 time=0.000 ms
2026-09-25 14:27:54.395 UTC [10680] DEBUG:  checkpoint sync: number=448 file=base/24699/13511_fsm time=0.000 ms
2026-09-25 14:27:54.395 UTC [10680] DEBUG:  checkpoint sync: number=449 file=base/24699/3764_vm time=0.000 ms
2026-09-25 14:27:54.395 UTC [10680] DEBUG:  checkpoint sync: number=450 file=base/24738/826 time=0.002 ms
2026-09-25 14:27:54.395 UTC [10680] DEBUG:  checkpoint sync: number=451 file=base/24699/2612 time=0.000 ms
2026-09-25 14:27:54.395 UTC [10680] DEBUG:  checkpoint sync: number=452 file=base/24699/548 time=0.000 ms
2026-09-25 14:27:54.395 UTC [10680] DEBUG:  checkpoint sync: number=453 file=base/24699/3601_fsm time=0.000 ms
2026-09-25 14:27:54.395 UTC [10680] DEBUG:  checkpoint sync: number=454 file=global/1262 time=0.001 ms
2026-09-25 14:27:54.395 UTC [10680] DEBUG:  checkpoint sync: number=455 file=base/24699/2618 time=0.000 ms
2026-09-25 14:27:54.395 UTC [10680] DEBUG:  checkpoint sync: number=456 file=base/24738/6117 time=0.001 ms
2026-09-25 14:27:54.395 UTC [10680] DEBUG:  checkpoint sync: number=457 file=base/24738/3601_vm time=0.000 ms
2026-09-25 14:27:54.395 UTC [10680] DEBUG:  checkpoint sync: number=458 file=base/24738/2612_fsm time=0.000 ms
2026-09-25 14:27:54.395 UTC [10680] DEBUG:  checkpoint sync: number=459 file=base/24738/2833 time=0.000 ms
2026-09-25 14:27:54.395 UTC [10680] DEBUG:  checkpoint sync: number=460 file=base/24738/2328 time=0.001 ms
2026-09-25 14:27:54.395 UTC [10680] DEBUG:  checkpoint sync: number=461 file=base/24699/4170 time=0.000 ms
2026-09-25 14:27:54.395 UTC [10680] DEBUG:  checkpoint sync: number=462 file=base/24699/3433 time=0.000 ms
2026-09-25 14:27:54.395 UTC [10680] DEBUG:  checkpoint sync: number=463 file=base/24699/2670 time=0.000 ms
2026-09-25 14:27:54.395 UTC [10680] DEBUG:  checkpoint sync: number=464 file=base/24699/3608 time=0.000 ms
2026-09-25 14:27:54.395 UTC [10680] DEBUG:  checkpoint sync: number=465 file=base/24738/1247_vm time=0.000 ms
2026-09-25 14:27:54.395 UTC [10680] DEBUG:  checkpoint sync: number=466 file=base/24738/2612_vm time=0.000 ms
2026-09-25 14:27:54.395 UTC [10680] DEBUG:  checkpoint sync: number=467 file=base/24738/13526_vm time=0.000 ms
2026-09-25 14:27:54.395 UTC [10680] DEBUG:  checkpoint sync: number=468 file=base/24699/3764 time=0.000 ms
2026-09-25 14:27:54.395 UTC [10680] DEBUG:  checkpoint sync: number=469 file=base/24738/2612 time=0.000 ms
2026-09-25 14:27:54.395 UTC [10680] DEBUG:  checkpoint sync: number=470 file=base/24699/2701 time=0.000 ms
2026-09-25 14:27:54.395 UTC [10680] DEBUG:  checkpoint sync: number=471 file=base/24738/2836 time=0.000 ms
2026-09-25 14:27:54.395 UTC [10680] DEBUG:  checkpoint sync: number=472 file=pg_multixact/offsets/0000 time=0.002 ms
2026-09-25 14:27:54.395 UTC [10680] DEBUG:  checkpoint sync: number=473 file=base/24738/3541_fsm time=0.000 ms
2026-09-25 14:27:54.395 UTC [10680] DEBUG:  checkpoint sync: number=474 file=base/24738/4172 time=0.000 ms
2026-09-25 14:27:54.395 UTC [10680] DEBUG:  checkpoint sync: number=475 file=base/24699/2656 time=0.001 ms
2026-09-25 14:27:54.395 UTC [10680] DEBUG:  checkpoint sync: number=476 file=base/24738/3118 time=0.001 ms
2026-09-25 14:27:54.395 UTC [10680] DEBUG:  checkpoint sync: number=477 file=base/24699/4167 time=0.001 ms
2026-09-25 14:27:54.395 UTC [10680] DEBUG:  checkpoint sync: number=478 file=base/24738/2836_vm time=0.000 ms
2026-09-25 14:27:54.395 UTC [10680] DEBUG:  checkpoint sync: number=479 file=base/24738/2678 time=0.000 ms
2026-09-25 14:27:54.395 UTC [10680] DEBUG:  checkpoint sync: number=480 file=base/24738/24765 time=0.000 ms
2026-09-25 14:27:54.395 UTC [10680] DEBUG:  checkpoint sync: number=481 file=base/24738/13511_fsm time=0.000 ms
2026-09-25 14:27:54.395 UTC [10680] DEBUG:  checkpoint sync: number=482 file=base/24699/2610_vm time=0.000 ms
2026-09-25 14:27:54.395 UTC [10680] DEBUG:  checkpoint sync: number=483 file=base/24699/2603_fsm time=0.000 ms
2026-09-25 14:27:54.395 UTC [10680] DEBUG:  checkpoint sync: number=484 file=base/24699/3501 time=0.002 ms
2026-09-25 14:27:54.395 UTC [10680] DEBUG:  checkpoint sync: number=485 file=base/24738/2837 time=0.000 ms
2026-09-25 14:27:54.395 UTC [10680] DEBUG:  checkpoint sync: number=486 file=base/24738/4144 time=0.000 ms
2026-09-25 14:27:54.395 UTC [10680] DEBUG:  checkpoint sync: number=487 file=base/24699/2687 time=0.000 ms
2026-09-25 14:27:54.395 UTC [10680] DEBUG:  checkpoint sync: number=488 file=base/24738/3456 time=0.000 ms
2026-09-25 14:27:54.395 UTC [10680] DEBUG:  checkpoint sync: number=489 file=base/24699/6110 time=0.000 ms
2026-09-25 14:27:54.395 UTC [10680] DEBUG:  checkpoint sync: number=490 file=base/24699/3541 time=0.000 ms
2026-09-25 14:27:54.395 UTC [10680] DEBUG:  checkpoint sync: number=491 file=base/24699/1249_vm time=0.000 ms
2026-09-25 14:27:54.395 UTC [10680] DEBUG:  checkpoint sync: number=492 file=base/24738/2667 time=0.000 ms
2026-09-25 14:27:54.395 UTC [10680] DEBUG:  checkpoint sync: number=493 file=base/24699/3429 time=0.004 ms
2026-09-25 14:27:54.395 UTC [10680] DEBUG:  checkpoint sync: number=494 file=base/24699/3394_fsm time=0.000 ms
2026-09-25 14:27:54.395 UTC [10680] DEBUG:  checkpoint sync: number=495 file=base/24699/24737 time=0.000 ms
2026-09-25 14:27:54.395 UTC [10680] DEBUG:  checkpoint sync: number=496 file=base/24738/175 time=0.000 ms
2026-09-25 14:27:54.395 UTC [10680] DEBUG:  checkpoint sync: number=497 file=base/24738/3601_fsm time=0.000 ms
2026-09-25 14:27:54.395 UTC [10680] DEBUG:  checkpoint sync: number=498 file=base/24699/174 time=0.000 ms
2026-09-25 14:27:54.395 UTC [10680] DEBUG:  checkpoint sync: number=499 file=base/24738/2336 time=0.002 ms
2026-09-25 14:27:54.395 UTC [10680] DEBUG:  checkpoint sync: number=500 file=base/24738/13511 time=0.000 ms
2026-09-25 14:27:54.395 UTC [10680] DEBUG:  checkpoint sync: number=501 file=base/24738/2613 time=0.002 ms
2026-09-25 14:27:54.395 UTC [10680] DEBUG:  checkpoint sync: number=502 file=base/24738/3468 time=0.000 ms
2026-09-25 14:27:54.395 UTC [10680] DEBUG:  checkpoint sync: number=503 file=base/24699/2689 time=0.000 ms
2026-09-25 14:27:54.395 UTC [10680] DEBUG:  checkpoint sync: number=504 file=base/24738/2610_vm time=0.000 ms
2026-09-25 14:27:54.395 UTC [10680] DEBUG:  checkpoint sync: number=505 file=base/24699/2600 time=0.000 ms
2026-09-25 14:27:54.395 UTC [10680] DEBUG:  checkpoint sync: number=506 file=base/24699/2686 time=0.000 ms
2026-09-25 14:27:54.395 UTC [10680] DEBUG:  checkpoint sync: number=507 file=base/24738/2607_fsm time=0.000 ms
2026-09-25 14:27:54.395 UTC [10680] DEBUG:  checkpoint sync: number=508 file=base/24699/2665 time=0.000 ms
2026-09-25 14:27:54.395 UTC [10680] DEBUG:  checkpoint sync: number=509 file=base/24738/2616_fsm time=0.001 ms
2026-09-25 14:27:54.395 UTC [10680] DEBUG:  checkpoint sync: number=510 file=base/24699/6113 time=0.000 ms
2026-09-25 14:27:54.395 UTC [10680] DEBUG:  checkpoint sync: number=511 file=base/24699/2691 time=0.000 ms
2026-09-25 14:27:54.395 UTC [10680] DEBUG:  checkpoint sync: number=512 file=base/24699/3604 time=0.000 ms
2026-09-25 14:27:54.395 UTC [10680] DEBUG:  checkpoint sync: number=513 file=base/24738/2604 time=0.000 ms
2026-09-25 14:27:54.395 UTC [10680] DEBUG:  checkpoint sync: number=514 file=base/24699/2610_fsm time=0.000 ms
2026-09-25 14:27:54.395 UTC [10680] DEBUG:  checkpoint sync: number=515 file=base/24738/2619_vm time=0.000 ms
2026-09-25 14:27:54.395 UTC [10680] DEBUG:  checkpoint sync: number=516 file=base/24738/2664 time=0.000 ms
2026-09-25 14:27:54.395 UTC [10680] DEBUG:  checkpoint sync: number=517 file=base/24738/3081 time=0.000 ms
2026-09-25 14:27:54.395 UTC [10680] DEBUG:  checkpoint sync: number=518 file=base/24738/2680 time=0.000 ms
2026-09-25 14:27:54.395 UTC [10680] DEBUG:  checkpoint sync: number=519 file=base/24738/3603_vm time=0.000 ms
2026-09-25 14:27:54.395 UTC [10680] DEBUG:  checkpoint sync: number=520 file=base/24699/24732 time=0.000 ms
2026-09-25 14:27:54.395 UTC [10680] DEBUG:  checkpoint sync: number=521 file=base/24738/4159 time=0.002 ms
2026-09-25 14:27:54.395 UTC [10680] DEBUG:  checkpoint sync: number=522 file=base/24699/2619_vm time=0.000 ms
2026-09-25 14:27:54.395 UTC [10680] DEBUG:  checkpoint sync: number=523 file=base/24699/6175 time=0.002 ms
2026-09-25 14:27:54.395 UTC [10680] DEBUG:  checkpoint sync: number=524 file=base/24738/3439 time=0.001 ms
2026-09-25 14:27:54.395 UTC [10680] DEBUG:  checkpoint sync: number=525 file=base/24699/3256 time=0.001 ms
2026-09-25 14:27:54.395 UTC [10680] DEBUG:  checkpoint sync: number=526 file=base/24738/2674 time=0.000 ms
2026-09-25 14:27:54.395 UTC [10680] DEBUG:  checkpoint sync: number=527 file=base/24699/3605 time=0.000 ms
2026-09-25 14:27:54.395 UTC [10680] DEBUG:  checkpoint sync: number=528 file=base/24699/2616_fsm time=0.000 ms
2026-09-25 14:27:54.395 UTC [10680] DEBUG:  checkpoint sync: number=529 file=base/24738/2617_vm time=0.000 ms
2026-09-25 14:27:54.395 UTC [10680] DEBUG:  checkpoint sync: number=530 file=base/24738/2618_vm time=0.000 ms
2026-09-25 14:27:54.395 UTC [10680] DEBUG:  checkpoint sync: number=531 file=base/24738/3350 time=0.001 ms
2026-09-25 14:27:54.395 UTC [10680] DEBUG:  checkpoint sync: number=532 file=base/24738/2651 time=0.000 ms
2026-09-25 14:27:54.395 UTC [10680] DEBUG:  checkpoint sync: number=533 file=base/24699/3607 time=0.000 ms
2026-09-25 14:27:54.395 UTC [10680] DEBUG:  checkpoint sync: number=534 file=base/24738/4151 time=0.001 ms
2026-09-25 14:27:54.395 UTC [10680] DEBUG:  checkpoint sync: number=535 file=base/24738/2681 time=0.000 ms
2026-09-25 14:27:54.395 UTC [10680] DEBUG:  checkpoint sync: number=536 file=base/24699/2657 time=0.000 ms
2026-09-25 14:27:54.395 UTC [10680] DEBUG:  checkpoint sync: number=537 file=base/24699/3609 time=0.000 ms
2026-09-25 14:27:54.395 UTC [10680] DEBUG:  checkpoint sync: number=538 file=base/24699/2616_vm time=0.000 ms
2026-09-25 14:27:54.395 UTC [10680] DEBUG:  checkpoint sync: number=539 file=base/24699/4157 time=0.001 ms
2026-09-25 14:27:54.395 UTC [10680] DEBUG:  checkpoint sync: number=540 file=base/24699/2755 time=0.000 ms
2026-09-25 14:27:54.395 UTC [10680] DEBUG:  checkpoint sync: number=541 file=base/24699/13530 time=0.000 ms
2026-09-25 14:27:54.395 UTC [10680] DEBUG:  checkpoint sync: number=542 file=base/24699/6351 time=0.002 ms
2026-09-25 14:27:54.395 UTC [10680] DEBUG:  checkpoint sync: number=543 file=base/24699/3394_vm time=0.000 ms
2026-09-25 14:27:54.395 UTC [10680] DEBUG:  checkpoint sync: number=544 file=base/24699/2680 time=0.000 ms
2026-09-25 14:27:54.395 UTC [10680] DEBUG:  checkpoint sync: number=545 file=base/24738/2609 time=0.000 ms
2026-09-25 14:27:54.395 UTC [10680] DEBUG:  checkpoint sync: number=546 file=base/24699/3379 time=0.000 ms
2026-09-25 14:27:54.395 UTC [10680] DEBUG:  checkpoint sync: number=547 file=base/24699/3766 time=0.000 ms
2026-09-25 14:27:54.395 UTC [10680] DEBUG:  checkpoint sync: number=548 file=base/24699/5002 time=0.000 ms
2026-09-25 14:27:54.395 UTC [10680] DEBUG:  checkpoint sync: number=549 file=base/24738/2605_fsm time=0.000 ms
2026-09-25 14:27:54.395 UTC [10680] DEBUG:  checkpoint sync: number=550 file=base/24738/3764_fsm time=0.000 ms
2026-09-25 14:27:54.395 UTC [10680] DEBUG:  checkpoint sync: number=551 file=base/24738/4165 time=0.002 ms
2026-09-25 14:27:54.395 UTC [10680] DEBUG:  checkpoint sync: number=552 file=base/24699/13526_fsm time=0.000 ms
2026-09-25 14:27:54.395 UTC [10680] DEBUG:  checkpoint sync: number=553 file=base/24699/24735_fsm time=0.000 ms
2026-09-25 14:27:54.395 UTC [10680] DEBUG:  checkpoint sync: number=554 file=base/24738/1249_fsm time=0.000 ms
2026-09-25 14:27:54.395 UTC [10680] DEBUG:  checkpoint sync: number=555 file=base/24738/3079 time=0.000 ms
2026-09-25 14:27:54.395 UTC [10680] DEBUG:  checkpoint sync: number=556 file=base/24738/2753 time=0.000 ms
2026-09-25 14:27:54.395 UTC [10680] DEBUG:  checkpoint sync: number=557 file=base/24699/2836_vm time=0.000 ms
2026-09-25 14:27:54.395 UTC [10680] DEBUG:  checkpoint sync: number=558 file=base/24738/2228 time=0.000 ms
2026-09-25 14:27:54.395 UTC [10680] DEBUG:  checkpoint sync: number=559 file=base/24738/2609_fsm time=0.000 ms
2026-09-25 14:27:54.395 UTC [10680] DEBUG:  checkpoint sync: number=560 file=base/24738/3351 time=0.001 ms
2026-09-25 14:27:54.395 UTC [10680] DEBUG:  checkpoint sync: number=561 file=base/24699/4173 time=0.002 ms
2026-09-25 14:27:54.395 UTC [10680] DEBUG:  checkpoint sync: number=562 file=base/24738/3598 time=0.001 ms
2026-09-25 14:27:54.395 UTC [10680] DEBUG:  checkpoint sync: number=563 file=base/24699/2702 time=0.000 ms
2026-09-25 14:27:54.395 UTC [10680] DEBUG:  checkpoint sync: number=564 file=base/24699/1417 time=0.001 ms
2026-09-25 14:27:54.395 UTC [10680] DEBUG:  checkpoint sync: number=565 file=base/24738/3603 time=0.000 ms
2026-09-25 14:27:54.395 UTC [10680] DEBUG:  checkpoint sync: number=566 file=base/24699/2620 time=0.001 ms
2026-09-25 14:27:54.395 UTC [10680] DEBUG:  checkpoint sync: number=567 file=base/24699/2609_vm time=0.000 ms
2026-09-25 14:27:54.395 UTC [10680] DEBUG:  checkpoint sync: number=568 file=base/24738/2616_vm time=0.000 ms
2026-09-25 14:27:54.395 UTC [10680] DEBUG:  checkpoint sync: number=569 file=base/24699/1247_fsm time=0.000 ms
2026-09-25 14:27:54.395 UTC [10680] DEBUG:  checkpoint sync: number=570 file=base/24738/4156 time=0.000 ms
2026-09-25 14:27:54.395 UTC [10680] DEBUG:  checkpoint sync: number=571 file=base/24738/6239 time=0.001 ms
2026-09-25 14:27:54.395 UTC [10680] DEBUG:  checkpoint sync: number=572 file=base/24699/3575 time=0.000 ms
2026-09-25 14:27:54.395 UTC [10680] DEBUG:  checkpoint sync: number=573 file=base/24738/6111 time=0.000 ms
2026-09-25 14:27:54.395 UTC [10680] DEBUG:  checkpoint sync: number=574 file=base/24699/2673 time=0.000 ms
2026-09-25 14:27:54.395 UTC [10680] DEBUG:  checkpoint sync: number=575 file=base/24699/13520 time=0.000 ms
2026-09-25 14:27:54.395 UTC [10680] DEBUG:  checkpoint sync: number=576 file=base/24738/24766_fsm time=0.000 ms
2026-09-25 14:27:54.395 UTC [10680] DEBUG:  checkpoint sync: number=577 file=base/24738/24771 time=0.000 ms
2026-09-25 14:27:54.395 UTC [10680] DEBUG:  checkpoint sync: number=578 file=base/24738/2662 time=0.000 ms
2026-09-25 14:27:54.395 UTC [10680] DEBUG:  checkpoint sync: number=579 file=base/24699/2615 time=0.000 ms
2026-09-25 14:27:54.395 UTC [10680] DEBUG:  checkpoint sync: number=580 file=base/24699/3079 time=0.000 ms
2026-09-25 14:27:54.395 UTC [10680] DEBUG:  checkpoint sync: number=581 file=base/24738/2755 time=0.000 ms
2026-09-25 14:27:54.395 UTC [10680] DEBUG:  checkpoint sync: number=582 file=base/24738/13521 time=0.000 ms
2026-09-25 14:27:54.395 UTC [10680] DEBUG:  checkpoint sync: number=583 file=base/24699/3712 time=0.000 ms
2026-09-25 14:27:54.395 UTC [10680] DEBUG:  checkpoint sync: number=584 file=base/24699/13529 time=0.001 ms
2026-09-25 14:27:54.395 UTC [10680] DEBUG:  checkpoint sync: number=585 file=base/24738/3433 time=0.000 ms
2026-09-25 14:27:54.395 UTC [10680] DEBUG:  checkpoint sync: number=586 file=base/24738/2657 time=0.000 ms
2026-09-25 14:27:54.395 UTC [10680] DEBUG:  checkpoint sync: number=587 file=base/24699/2664 time=0.000 ms
2026-09-25 14:27:54.395 UTC [10680] DEBUG:  checkpoint sync: number=588 file=base/24699/2609 time=0.000 ms
2026-09-25 14:27:54.395 UTC [10680] DEBUG:  checkpoint sync: number=589 file=base/24738/2608_fsm time=0.000 ms
2026-09-25 14:27:54.395 UTC [10680] DEBUG:  checkpoint sync: number=590 file=base/24699/2692 time=0.000 ms
2026-09-25 14:27:54.395 UTC [10680] DEBUG:  checkpoint sync: number=591 file=base/24699/2675 time=0.000 ms
2026-09-25 14:27:54.395 UTC [10680] DEBUG:  checkpoint sync: number=592 file=base/24699/4174 time=0.000 ms
2026-09-25 14:27:54.395 UTC [10680] DEBUG:  checkpoint sync: number=593 file=base/24699/2655 time=0.000 ms
2026-09-25 14:27:54.395 UTC [10680] DEBUG:  checkpoint sync: number=594 file=base/24699/2696 time=0.001 ms
2026-09-25 14:27:54.395 UTC [10680] DEBUG:  checkpoint sync: number=595 file=base/24738/2608_vm time=0.000 ms
2026-09-25 14:27:54.395 UTC [10680] DEBUG:  checkpoint sync: number=596 file=base/24738/2840_fsm time=0.000 ms
2026-09-25 14:27:54.395 UTC [10680] DEBUG:  checkpoint sync: number=597 file=base/24738/2607_vm time=0.000 ms
2026-09-25 14:27:54.395 UTC [10680] DEBUG:  checkpoint sync: number=598 file=base/24699/1249_fsm time=0.000 ms
2026-09-25 14:27:54.395 UTC [10680] DEBUG:  checkpoint sync: number=599 file=base/24738/3600 time=0.000 ms
2026-09-25 14:27:54.395 UTC [10680] DEBUG:  checkpoint sync: number=600 file=base/24699/3602_vm time=0.000 ms
2026-09-25 14:27:54.395 UTC [10680] DEBUG:  checkpoint sync: number=601 file=base/24699/3456 time=0.000 ms
2026-09-25 14:27:54.395 UTC [10680] DEBUG:  checkpoint sync: number=602 file=base/24738/3467 time=0.000 ms
2026-09-25 14:27:54.395 UTC [10680] DEBUG:  checkpoint sync: number=603 file=base/24738/13526_fsm time=0.000 ms
2026-09-25 14:27:54.395 UTC [10680] DEBUG:  checkpoint sync: number=604 file=base/24738/2679 time=0.000 ms
2026-09-25 14:27:54.395 UTC [10680] DEBUG:  checkpoint sync: number=605 file=base/24699/13516_fsm time=0.000 ms
2026-09-25 14:27:54.395 UTC [10680] DEBUG:  checkpoint sync: number=606 file=base/24699/3466 time=0.007 ms
2026-09-25 14:27:54.395 UTC [10680] DEBUG:  checkpoint sync: number=607 file=base/24699/2667 time=0.000 ms
2026-09-25 14:27:54.395 UTC [10680] DEBUG:  checkpoint sync: number=608 file=base/24699/2609_fsm time=0.000 ms
2026-09-25 14:27:54.395 UTC [10680] DEBUG:  checkpoint sync: number=609 file=base/24738/3603_fsm time=0.000 ms
2026-09-25 14:27:54.395 UTC [10680] DEBUG:  checkpoint sync: number=610 file=base/24738/4158 time=0.000 ms
2026-09-25 14:27:54.396 UTC [10680] DEBUG:  checkpoint sync: number=611 file=base/24699/6104 time=0.001 ms
2026-09-25 14:27:54.396 UTC [10680] DEBUG:  checkpoint sync: number=612 file=base/24738/2704 time=0.000 ms
2026-09-25 14:27:54.396 UTC [10680] DEBUG:  checkpoint sync: number=613 file=base/24699/2659 time=0.000 ms
2026-09-25 14:27:54.396 UTC [10680] DEBUG:  checkpoint sync: number=614 file=base/24738/4174 time=0.000 ms
2026-09-25 14:27:54.396 UTC [10680] DEBUG:  checkpoint sync: number=615 file=base/24699/2839 time=0.000 ms
2026-09-25 14:27:54.396 UTC [10680] DEBUG:  checkpoint sync: number=616 file=base/24738/3600_vm time=0.000 ms
2026-09-25 14:27:54.396 UTC [10680] DEBUG:  checkpoint sync: number=617 file=base/24699/3599 time=0.000 ms
2026-09-25 14:27:54.396 UTC [10680] DEBUG:  checkpoint sync: number=618 file=base/24738/4164 time=0.001 ms
2026-09-25 14:27:54.396 UTC [10680] DEBUG:  checkpoint sync: number=619 file=base/24699/113 time=0.000 ms
2026-09-25 14:27:54.396 UTC [10680] DEBUG:  checkpoint sync: number=620 file=base/24738/2838 time=0.000 ms
2026-09-25 14:27:54.396 UTC [10680] DEBUG:  checkpoint sync: number=621 file=base/24699/3439 time=0.002 ms
2026-09-25 14:27:54.396 UTC [10680] DEBUG:  checkpoint sync: number=622 file=base/24738/2654 time=0.000 ms
2026-09-25 14:27:54.396 UTC [10680] DEBUG:  checkpoint sync: number=623 file=base/24699/2704 time=0.000 ms
2026-09-25 14:27:54.396 UTC [10680] DEBUG:  checkpoint sync: number=624 file=base/24699/2619_fsm time=0.000 ms
2026-09-25 14:27:54.396 UTC [10680] DEBUG:  checkpoint sync: number=625 file=base/24699/2336 time=0.002 ms
2026-09-25 14:27:54.400 UTC [10680] LOG:  checkpoint complete: wrote 2782 buffers (17.0%), wrote 3 SLRU buffers; 0 WAL file(s) added, 3 removed, 0 recycled; write=0.016 s, sync=0.002 s, total=0.022 s; sync files=625, longest=0.001 s, average=0.000 s; distance=38244 kB, estimate=38244 kB; lsn=0/223317C0, redo lsn=0/22331768
2026-09-25 14:27:54.400 UTC [11899] DEBUG:  waiting for all backends to process ProcSignalBarrier generation 1
2026-09-25 14:27:54.401 UTC [11899] DEBUG:  finished waiting for all backends to process ProcSignalBarrier generation 1
2026-09-25 14:27:54.405 UTC [10680] LOG:  checkpoint starting: immediate force wait
2026-09-25 14:27:54.405 UTC [10680] DEBUG:  performing replication slot checkpoint
2026-09-25 14:27:54.405 UTC [10680] DEBUG:  checkpoint sync: number=1 file=pg_xact/0000 time=0.002 ms
2026-09-25 14:27:54.405 UTC [10680] DEBUG:  checkpoint sync: number=2 file=global/1262 time=0.000 ms
2026-09-25 14:27:54.405 UTC [10680] LOG:  checkpoint complete: wrote 1 buffers (0.0%), wrote 1 SLRU buffers; 0 WAL file(s) added, 0 removed, 0 recycled; write=0.001 s, sync=0.001 s, total=0.001 s; sync files=2, longest=0.001 s, average=0.001 s; distance=1 kB, estimate=34420 kB; lsn=0/22331EB0, redo lsn=0/22331E58
2026-09-25 14:27:54.405 UTC [11899] DEBUG:  waiting for all backends to process ProcSignalBarrier generation 2
2026-09-25 14:27:54.405 UTC [11899] DEBUG:  finished waiting for all backends to process ProcSignalBarrier generation 2
2026-09-25 14:29:29.010 UTC [11971] DEBUG:  executing extension script for "pin" version '0.0.0'
2026-09-25 14:29:29.029 UTC [11975] DEBUG:  building index "pg_toast_24798_index" on table "pg_toast_24798" serially
2026-09-25 14:29:29.029 UTC [11975] DEBUG:  index "pg_toast_24798_index" can safely use deduplication
2026-09-25 14:29:29.036 UTC [11975] DEBUG:  building index "g9_count_pin" on table "g9_count_docs" serially
2026-09-25 14:29:29.194 UTC [11975] DEBUG:  Pin grouped snapshot: documents=1201 groups=1 written_pages=22 reclaimed_pages=0 sort_spilled=false frontier_terms=0
2026-09-25 14:29:29.196 UTC [11975] DEBUG:  building index "g9_count_gin" on table "g9_count_docs" serially
2026-09-25 14:29:29.213 UTC [11975] DEBUG:  Pin compaction: retained_pages=0 written_pages=6 reclaimed_pages=15 reused_pages=5
2026-09-25 14:29:29.213 UTC [11975] CONTEXT:  while cleaning up index "g9_count_pin" of relation "public.g9_count_docs"
2026-09-25 14:29:34.597 UTC [12867] DEBUG:  Pin grouped snapshot: documents=1733 groups=1 written_pages=29 reclaimed_pages=22 sort_spilled=false frontier_terms=0
2026-09-25 14:29:34.597 UTC [12867] CONTEXT:  while cleaning up index "g9_count_pin" of relation "public.g9_count_docs"
2026-09-25 14:29:34.597 UTC [12867] DEBUG:  Pin compaction: retained_pages=0 written_pages=36 reclaimed_pages=39 reused_pages=27
2026-09-25 14:29:34.597 UTC [12867] CONTEXT:  while cleaning up index "g9_count_pin" of relation "public.g9_count_docs"
2026-09-25 14:29:36.004 UTC [13139] DEBUG:  building index "pg_toast_24810_index" on table "pg_toast_24810" serially
2026-09-25 14:29:36.004 UTC [13139] DEBUG:  index "pg_toast_24810_index" can safely use deduplication
2026-09-25 14:29:36.005 UTC [13139] DEBUG:  building index "g9_count_legacy_body_idx" on table "g9_count_legacy" serially
2026-09-25 14:29:36.167 UTC [13177] ERROR:  permission denied to set parameter "pin.enable_grouped_count"
2026-09-25 14:29:36.167 UTC [13177] STATEMENT:  SET pin.enable_grouped_count=on;
2026-09-25 14:29:36.186 UTC [13181] DEBUG:  building index "pg_toast_24818_index" on table "pg_toast_24818" serially
2026-09-25 14:29:36.186 UTC [13181] DEBUG:  index "pg_toast_24818_index" can safely use deduplication
2026-09-25 14:29:36.187 UTC [13181] DEBUG:  building index "g9_count_reuse_body_idx" on table "g9_count_reuse" serially
2026-09-25 14:29:36.189 UTC [13181] DEBUG:  Pin grouped snapshot: documents=0 groups=0 written_pages=0 reclaimed_pages=0 sort_spilled=false frontier_terms=0
2026-09-25 14:29:36.193 UTC [13181] DEBUG:  building index "g9_count_reuse_to_tsvector_idx" on table "g9_count_reuse" serially
2026-09-25 14:29:36.196 UTC [13181] DEBUG:  Pin grouped snapshot: documents=66 groups=1 written_pages=4 reclaimed_pages=0 sort_spilled=false frontier_terms=0
2026-09-25 14:29:36.196 UTC [13181] CONTEXT:  while cleaning up index "g9_count_reuse_body_idx" of relation "public.g9_count_reuse"
2026-09-25 14:29:36.196 UTC [13181] DEBUG:  Pin compaction: retained_pages=0 written_pages=6 reclaimed_pages=2 reused_pages=2
2026-09-25 14:29:36.196 UTC [13181] CONTEXT:  while cleaning up index "g9_count_reuse_body_idx" of relation "public.g9_count_reuse"
2026-09-25 14:29:36.197 UTC [13181] DEBUG:  Pin compaction: retained_pages=0 written_pages=0 reclaimed_pages=0 reused_pages=0
2026-09-25 14:29:36.197 UTC [13181] CONTEXT:  while cleaning up index "g9_count_reuse_body_idx" of relation "public.g9_count_reuse"
2026-09-25 14:29:36.324 UTC [13205] DEBUG:  Pin grouped snapshot: documents=66 groups=1 written_pages=4 reclaimed_pages=4 sort_spilled=false frontier_terms=0
2026-09-25 14:29:36.324 UTC [13205] CONTEXT:  while cleaning up index "g9_count_reuse_body_idx" of relation "public.g9_count_reuse"
2026-09-25 14:29:36.324 UTC [13205] DEBUG:  Pin compaction: retained_pages=0 written_pages=5 reclaimed_pages=5 reused_pages=1
2026-09-25 14:29:36.324 UTC [13205] CONTEXT:  while cleaning up index "g9_count_reuse_body_idx" of relation "public.g9_count_reuse"
2026-09-25 14:29:36.426 UTC [10676] LOG:  received immediate shutdown request
2026-09-25 14:29:36.426 UTC [10676] DEBUG:  updating PMState from PM_RUN to PM_WAIT_BACKENDS
2026-09-25 14:29:36.428 UTC [10676] DEBUG:  updating PMState from PM_WAIT_BACKENDS to PM_WAIT_DEAD_END
2026-09-25 14:29:36.428 UTC [10676] DEBUG:  updating PMState from PM_WAIT_DEAD_END to PM_NO_CHILDREN
2026-09-25 14:29:36.434 UTC [10676] LOG:  database system is shut down
2026-09-25 14:29:36.558 UTC [13232] DEBUG:  registering background worker "logical replication launcher"
2026-09-25 14:29:36.559 UTC [13232] DEBUG:  loaded library "/tmp/pin-pr25-native/lib/pin"
2026-09-25 14:29:36.559 UTC [13232] DEBUG:  mmap(157286400) with MAP_HUGETLB failed, huge pages disabled: Cannot allocate memory
2026-09-25 14:29:36.569 UTC [13232] LOG:  starting PostgreSQL 18.6 (Ubuntu 18.6-0ubuntu0.26.04.1) on x86_64-pc-linux-gnu, compiled by gcc (Ubuntu 15.2.0-16ubuntu1) 15.2.0, 64-bit
2026-09-25 14:29:36.569 UTC [13232] LOG:  listening on Unix socket "/tmp/pin-pr25-native/socket/.s.PGSQL.55491"
2026-09-25 14:29:36.570 UTC [13232] DEBUG:  updating PMState from PM_INIT to PM_STARTUP
2026-09-25 14:29:36.573 UTC [13238] LOG:  database system was interrupted; last known up at 2026-09-25 14:27:54 UTC
2026-09-25 14:29:36.582 UTC [13238] DEBUG:  checkpoint record is at 0/22331EB0
2026-09-25 14:29:36.582 UTC [13238] DEBUG:  redo record is at 0/22331E58; shutdown false
2026-09-25 14:29:36.582 UTC [13238] DEBUG:  next transaction ID: 934; next OID: 32891
2026-09-25 14:29:36.582 UTC [13238] DEBUG:  next MultiXactId: 1; next MultiXactOffset: 0
2026-09-25 14:29:36.582 UTC [13238] DEBUG:  oldest unfrozen transaction ID: 744, in database 1
2026-09-25 14:29:36.582 UTC [13238] DEBUG:  oldest MultiXactId: 1, in database 1
2026-09-25 14:29:36.582 UTC [13238] DEBUG:  commit timestamp Xid oldest/newest: 0/0
2026-09-25 14:29:36.582 UTC [13238] LOG:  database system was not properly shut down; automatic recovery in progress
2026-09-25 14:29:36.582 UTC [13238] DEBUG:  transaction ID wrap limit is 2147484391, limited by database with OID 1
2026-09-25 14:29:36.582 UTC [13238] DEBUG:  MultiXactId wrap limit is 2147483648, limited by database with OID 1
2026-09-25 14:29:36.583 UTC [13238] DEBUG:  starting up replication slots
2026-09-25 14:29:36.583 UTC [13238] DEBUG:  xmin required by slots: data 0, catalog 0
2026-09-25 14:29:36.583 UTC [13238] DEBUG:  resetting unlogged relations: cleanup 1 init 0
2026-09-25 14:29:36.583 UTC [13238] LOG:  redo starts at 0/22331E58
2026-09-25 14:29:36.583 UTC [13232] DEBUG:  updating PMState from PM_STARTUP to PM_RECOVERY
2026-09-25 14:29:36.584 UTC [13238] DEBUG:  waiting for all backends to process ProcSignalBarrier generation 1
2026-09-25 14:29:36.584 UTC [13238] CONTEXT:  WAL redo at 0/22331F28 for Database/DROP: dir 1663/24738
2026-09-25 14:29:36.584 UTC [13238] DEBUG:  finished waiting for all backends to process ProcSignalBarrier generation 1
2026-09-25 14:29:36.584 UTC [13238] CONTEXT:  WAL redo at 0/22331F28 for Database/DROP: dir 1663/24738
2026-09-25 14:29:36.584 UTC [13238] WARNING:  could not open directory "base/24738": No such file or directory
2026-09-25 14:29:36.584 UTC [13238] CONTEXT:  WAL redo at 0/22331F28 for Database/DROP: dir 1663/24738
2026-09-25 14:29:36.584 UTC [13238] WARNING:  some useless files may be left behind in old database directory "base/24738"
2026-09-25 14:29:36.584 UTC [13238] CONTEXT:  WAL redo at 0/22331F28 for Database/DROP: dir 1663/24738
2026-09-25 14:29:36.615 UTC [13238] LOG:  invalid record length at 0/2306FC38: expected at least 24, got 0
2026-09-25 14:29:36.615 UTC [13238] LOG:  redo done at 0/2306FC00 system usage: CPU: user: 0.01 s, system: 0.01 s, elapsed: 0.03 s
2026-09-25 14:29:36.615 UTC [13238] DEBUG:  resetting unlogged relations: cleanup 0 init 1
2026-09-25 14:29:36.616 UTC [13238] DEBUG:  MultiXactId wrap limit is 2147483648, limited by database with OID 1
2026-09-25 14:29:36.616 UTC [13238] DEBUG:  MultiXact member stop limit is now 4294914944 based on MultiXact 1
2026-09-25 14:29:36.616 UTC [13236] LOG:  checkpoint starting: end-of-recovery immediate wait
2026-09-25 14:29:36.617 UTC [13236] DEBUG:  performing replication slot checkpoint
2026-09-25 14:29:36.626 UTC [13236] DEBUG:  checkpoint sync: number=1 file=base/24777/1249_vm time=0.002 ms
2026-09-25 14:29:36.626 UTC [13236] DEBUG:  checkpoint sync: number=2 file=base/24777/2753_vm time=0.001 ms
2026-09-25 14:29:36.626 UTC [13236] DEBUG:  checkpoint sync: number=3 file=base/24777/2838_vm time=0.001 ms
2026-09-25 14:29:36.626 UTC [13236] DEBUG:  checkpoint sync: number=4 file=base/24777/2679 time=0.001 ms
2026-09-25 14:29:36.626 UTC [13236] DEBUG:  checkpoint sync: number=5 file=base/24777/2699 time=0.001 ms
2026-09-25 14:29:36.626 UTC [13236] DEBUG:  checkpoint sync: number=6 file=base/24777/2615_vm time=0.001 ms
2026-09-25 14:29:36.626 UTC [13236] DEBUG:  checkpoint sync: number=7 file=base/24777/3764 time=0.001 ms
2026-09-25 14:29:36.626 UTC [13236] DEBUG:  checkpoint sync: number=8 file=base/24777/2611 time=0.005 ms
2026-09-25 14:29:36.626 UTC [13236] DEBUG:  checkpoint sync: number=9 file=base/24777/24815 time=0.000 ms
2026-09-25 14:29:36.626 UTC [13236] DEBUG:  checkpoint sync: number=10 file=base/24777/175 time=0.001 ms
2026-09-25 14:29:36.626 UTC [13236] DEBUG:  checkpoint sync: number=11 file=base/24777/2601_fsm time=0.001 ms
2026-09-25 14:29:36.626 UTC [13236] DEBUG:  checkpoint sync: number=12 file=base/24777/2618_fsm time=0.001 ms
2026-09-25 14:29:36.626 UTC [13236] DEBUG:  checkpoint sync: number=13 file=base/24777/2603_fsm time=0.001 ms
2026-09-25 14:29:36.626 UTC [13236] DEBUG:  checkpoint sync: number=14 file=base/24777/2834 time=0.002 ms
2026-09-25 14:29:36.626 UTC [13236] DEBUG:  checkpoint sync: number=15 file=base/24777/2995 time=0.001 ms
2026-09-25 14:29:36.626 UTC [13236] DEBUG:  checkpoint sync: number=16 file=base/24777/6102 time=0.001 ms
2026-09-25 14:29:36.626 UTC [13236] DEBUG:  checkpoint sync: number=17 file=base/24777/6239 time=0.001 ms
2026-09-25 14:29:36.626 UTC [13236] DEBUG:  checkpoint sync: number=18 file=base/24777/6228 time=0.002 ms
2026-09-25 14:29:36.626 UTC [13236] DEBUG:  checkpoint sync: number=19 file=base/24777/2606_vm time=0.001 ms
2026-09-25 14:29:36.626 UTC [13236] DEBUG:  checkpoint sync: number=20 file=base/24777/3351 time=0.001 ms
2026-09-25 14:29:36.626 UTC [13236] DEBUG:  checkpoint sync: number=21 file=base/24777/2665 time=0.000 ms
2026-09-25 14:29:36.626 UTC [13236] DEBUG:  checkpoint sync: number=22 file=base/24777/2616_vm time=0.000 ms
2026-09-25 14:29:36.626 UTC [13236] DEBUG:  checkpoint sync: number=23 file=base/24777/13520 time=0.001 ms
2026-09-25 14:29:36.626 UTC [13236] DEBUG:  checkpoint sync: number=24 file=base/24777/3501 time=0.002 ms
2026-09-25 14:29:36.626 UTC [13236] DEBUG:  checkpoint sync: number=25 file=base/24777/1259 time=0.001 ms
2026-09-25 14:29:36.626 UTC [13236] DEBUG:  checkpoint sync: number=26 file=base/24777/2609_fsm time=0.001 ms
2026-09-25 14:29:36.626 UTC [13236] DEBUG:  checkpoint sync: number=27 file=base/24777/13525 time=0.001 ms
2026-09-25 14:29:36.626 UTC [13236] DEBUG:  checkpoint sync: number=28 file=base/24777/2601 time=0.000 ms
2026-09-25 14:29:36.626 UTC [13236] DEBUG:  checkpoint sync: number=29 file=base/24777/826 time=0.002 ms
2026-09-25 14:29:36.626 UTC [13236] DEBUG:  checkpoint sync: number=30 file=base/24777/2839 time=0.000 ms
2026-09-25 14:29:36.626 UTC [13236] DEBUG:  checkpoint sync: number=31 file=base/24777/3502 time=0.001 ms
2026-09-25 14:29:36.626 UTC [13236] DEBUG:  checkpoint sync: number=32 file=base/24777/3608 time=0.000 ms
2026-09-25 14:29:36.626 UTC [13236] DEBUG:  checkpoint sync: number=33 file=base/24777/24805_fsm time=0.000 ms
2026-09-25 14:29:36.626 UTC [13236] DEBUG:  checkpoint sync: number=34 file=base/24777/2579 time=0.001 ms
2026-09-25 14:29:36.626 UTC [13236] DEBUG:  checkpoint sync: number=35 file=base/24777/2667 time=0.001 ms
2026-09-25 14:29:36.626 UTC [13236] DEBUG:  checkpoint sync: number=36 file=base/24777/2685 time=0.001 ms
2026-09-25 14:29:36.626 UTC [13236] DEBUG:  checkpoint sync: number=37 file=base/24777/2690 time=0.000 ms
2026-09-25 14:29:36.626 UTC [13236] DEBUG:  checkpoint sync: number=38 file=base/24777/3503 time=0.000 ms
2026-09-25 14:29:36.626 UTC [13236] DEBUG:  checkpoint sync: number=39 file=base/24777/3596 time=0.002 ms
2026-09-25 14:29:36.626 UTC [13236] DEBUG:  checkpoint sync: number=40 file=base/24777/2619 time=0.001 ms
2026-09-25 14:29:36.626 UTC [13236] DEBUG:  checkpoint sync: number=41 file=base/24777/4157 time=0.001 ms
2026-09-25 14:29:36.626 UTC [13236] DEBUG:  checkpoint sync: number=42 file=base/24777/4174 time=0.001 ms
2026-09-25 14:29:36.626 UTC [13236] DEBUG:  checkpoint sync: number=43 file=base/24777/2682 time=0.000 ms
2026-09-25 14:29:36.626 UTC [13236] DEBUG:  checkpoint sync: number=44 file=base/24777/24824 time=0.000 ms
2026-09-25 14:29:36.626 UTC [13236] DEBUG:  checkpoint sync: number=45 file=base/24777/4166 time=0.000 ms
2026-09-25 14:29:36.626 UTC [13236] DEBUG:  checkpoint sync: number=46 file=base/24777/2661 time=0.001 ms
2026-09-25 14:29:36.626 UTC [13236] DEBUG:  checkpoint sync: number=47 file=base/24777/3394 time=0.000 ms
2026-09-25 14:29:36.626 UTC [13236] DEBUG:  checkpoint sync: number=48 file=base/24777/24818_fsm time=0.000 ms
2026-09-25 14:29:36.626 UTC [13236] DEBUG:  checkpoint sync: number=49 file=base/24777/3997 time=0.001 ms
2026-09-25 14:29:36.626 UTC [13236] DEBUG:  checkpoint sync: number=50 file=base/24777/3601_vm time=0.001 ms
2026-09-25 14:29:36.626 UTC [13236] DEBUG:  checkpoint sync: number=51 file=base/24777/3600_vm time=0.000 ms
2026-09-25 14:29:36.626 UTC [13236] DEBUG:  checkpoint sync: number=52 file=base/24777/3598 time=0.001 ms
2026-09-25 14:29:36.626 UTC [13236] DEBUG:  checkpoint sync: number=53 file=base/24777/3764_vm time=0.000 ms
2026-09-25 14:29:36.626 UTC [13236] DEBUG:  checkpoint sync: number=54 file=base/24777/2602_vm time=0.000 ms
2026-09-25 14:29:36.626 UTC [13236] DEBUG:  checkpoint sync: number=55 file=base/24777/2652 time=0.001 ms
2026-09-25 14:29:36.626 UTC [13236] DEBUG:  checkpoint sync: number=56 file=base/24777/2619_fsm time=0.000 ms
2026-09-25 14:29:36.626 UTC [13236] DEBUG:  checkpoint sync: number=57 file=base/24777/3603_fsm time=0.001 ms
2026-09-25 14:29:36.626 UTC [13236] DEBUG:  checkpoint sync: number=58 file=base/24777/3080 time=0.001 ms
2026-09-25 14:29:36.626 UTC [13236] DEBUG:  checkpoint sync: number=59 file=base/24777/24823 time=0.000 ms
2026-09-25 14:29:36.626 UTC [13236] DEBUG:  checkpoint sync: number=60 file=base/24777/13526_vm time=0.000 ms
2026-09-25 14:29:36.626 UTC [13236] DEBUG:  checkpoint sync: number=61 file=base/24777/1247_fsm time=0.000 ms
2026-09-25 14:29:36.626 UTC [13236] DEBUG:  checkpoint sync: number=62 file=base/24777/2836_fsm time=0.001 ms
2026-09-25 14:29:36.626 UTC [13236] DEBUG:  checkpoint sync: number=63 file=base/24777/2659 time=0.000 ms
2026-09-25 14:29:36.626 UTC [13236] DEBUG:  checkpoint sync: number=64 file=base/24777/2187 time=0.001 ms
2026-09-25 14:29:36.626 UTC [13236] DEBUG:  checkpoint sync: number=65 file=base/24777/3575 time=0.000 ms
2026-09-25 14:29:36.626 UTC [13236] DEBUG:  checkpoint sync: number=66 file=global/1214 time=0.000 ms
2026-09-25 14:29:36.626 UTC [13236] DEBUG:  checkpoint sync: number=67 file=base/24777/2704 time=0.000 ms
2026-09-25 14:29:36.626 UTC [13236] DEBUG:  checkpoint sync: number=68 file=base/24777/2609_vm time=0.000 ms
2026-09-25 14:29:36.626 UTC [13236] DEBUG:  checkpoint sync: number=69 file=base/24777/4147 time=0.002 ms
2026-09-25 14:29:36.626 UTC [13236] DEBUG:  checkpoint sync: number=70 file=base/24777/3542 time=0.000 ms
2026-09-25 14:29:36.626 UTC [13236] DEBUG:  checkpoint sync: number=71 file=base/24777/6352 time=0.000 ms
2026-09-25 14:29:36.626 UTC [13236] DEBUG:  checkpoint sync: number=72 file=base/24777/4160 time=0.000 ms
2026-09-25 14:29:36.626 UTC [13236] DEBUG:  checkpoint sync: number=73 file=base/24777/6113 time=0.001 ms
2026-09-25 14:29:36.626 UTC [13236] DEBUG:  checkpoint sync: number=74 file=base/24777/2228 time=0.000 ms
2026-09-25 14:29:36.626 UTC [13236] DEBUG:  checkpoint sync: number=75 file=base/24777/2838_fsm time=0.000 ms
2026-09-25 14:29:36.626 UTC [13236] DEBUG:  checkpoint sync: number=76 file=global/1232 time=0.000 ms
2026-09-25 14:29:36.626 UTC [13236] DEBUG:  checkpoint sync: number=77 file=base/24777/6117 time=0.000 ms
2026-09-25 14:29:36.626 UTC [13236] DEBUG:  checkpoint sync: number=78 file=base/24777/2996 time=0.000 ms
2026-09-25 14:29:36.626 UTC [13236] DEBUG:  checkpoint sync: number=79 file=base/24777/3605 time=0.000 ms
2026-09-25 14:29:36.626 UTC [13236] DEBUG:  checkpoint sync: number=80 file=base/24777/3541 time=0.001 ms
2026-09-25 14:29:36.626 UTC [13236] DEBUG:  checkpoint sync: number=81 file=base/24777/6238 time=0.000 ms
2026-09-25 14:29:36.626 UTC [13236] DEBUG:  checkpoint sync: number=82 file=base/24777/4171 time=0.002 ms
2026-09-25 14:29:36.626 UTC [13236] DEBUG:  checkpoint sync: number=83 file=base/24777/3118 time=0.001 ms
2026-09-25 14:29:36.626 UTC [13236] DEBUG:  checkpoint sync: number=84 file=base/24777/3574 time=0.000 ms
2026-09-25 14:29:36.626 UTC [13236] DEBUG:  checkpoint sync: number=85 file=base/24777/4146 time=0.001 ms
2026-09-25 14:29:36.626 UTC [13236] DEBUG:  checkpoint sync: number=86 file=base/24777/3602_fsm time=0.000 ms
2026-09-25 14:29:36.626 UTC [13236] DEBUG:  checkpoint sync: number=87 file=base/24777/3601 time=0.000 ms
2026-09-25 14:29:36.626 UTC [13236] DEBUG:  checkpoint sync: number=88 file=base/24777/4165 time=0.002 ms
2026-09-25 14:29:36.626 UTC [13236] DEBUG:  checkpoint sync: number=89 file=base/24777/2658 time=0.001 ms
2026-09-25 14:29:36.626 UTC [13236] DEBUG:  checkpoint sync: number=90 file=base/24777/1255_fsm time=0.000 ms
2026-09-25 14:29:36.626 UTC [13236] DEBUG:  checkpoint sync: number=91 file=base/24777/13511 time=0.000 ms
2026-09-25 14:29:36.626 UTC [13236] DEBUG:  checkpoint sync: number=92 file=base/24777/13515 time=0.000 ms
2026-09-25 14:29:36.626 UTC [13236] DEBUG:  checkpoint sync: number=93 file=base/24777/2618_vm time=0.000 ms
2026-09-25 14:29:36.626 UTC [13236] DEBUG:  checkpoint sync: number=94 file=base/24777/2663 time=0.000 ms
2026-09-25 14:29:36.626 UTC [13236] DEBUG:  checkpoint sync: number=95 file=base/24777/3600_fsm time=0.000 ms
2026-09-25 14:29:36.626 UTC [13236] DEBUG:  checkpoint sync: number=96 file=base/24777/2224 time=0.001 ms
2026-09-25 14:29:36.626 UTC [13236] DEBUG:  checkpoint sync: number=97 file=base/24777/3766 time=0.000 ms
2026-09-25 14:29:36.626 UTC [13236] DEBUG:  checkpoint sync: number=98 file=base/24777/2607 time=0.000 ms
2026-09-25 14:29:36.626 UTC [13236] DEBUG:  checkpoint sync: number=99 file=base/24777/3767 time=0.000 ms
2026-09-25 14:29:36.626 UTC [13236] DEBUG:  checkpoint sync: number=100 file=base/24777/2830 time=0.002 ms
2026-09-25 14:29:36.626 UTC [13236] DEBUG:  checkpoint sync: number=101 file=base/24777/4168 time=0.000 ms
2026-09-25 14:29:36.626 UTC [13236] DEBUG:  checkpoint sync: number=102 file=base/24777/3079_fsm time=0.000 ms
2026-09-25 14:29:36.626 UTC [13236] DEBUG:  checkpoint sync: number=103 file=base/24777/828 time=0.000 ms
2026-09-25 14:29:36.626 UTC [13236] DEBUG:  checkpoint sync: number=104 file=base/24777/2753_fsm time=0.000 ms
2026-09-25 14:29:36.626 UTC [13236] DEBUG:  checkpoint sync: number=105 file=base/24777/3600 time=0.000 ms
2026-09-25 14:29:36.626 UTC [13236] DEBUG:  checkpoint sync: number=106 file=base/24777/4172 time=0.000 ms
2026-09-25 14:29:36.626 UTC [13236] DEBUG:  checkpoint sync: number=107 file=base/24777/13521_vm time=0.000 ms
2026-09-25 14:29:36.626 UTC [13236] DEBUG:  checkpoint sync: number=108 file=global/1260 time=0.000 ms
2026-09-25 14:29:36.626 UTC [13236] DEBUG:  checkpoint sync: number=109 file=base/24777/2615_fsm time=0.000 ms
2026-09-25 14:29:36.626 UTC [13236] DEBUG:  checkpoint sync: number=110 file=base/24777/2664 time=0.000 ms
2026-09-25 14:29:36.626 UTC [13236] DEBUG:  checkpoint sync: number=111 file=base/24777/3602 time=0.000 ms
2026-09-25 14:29:36.626 UTC [13236] DEBUG:  checkpoint sync: number=112 file=base/24777/2617_vm time=0.001 ms
2026-09-25 14:29:36.626 UTC [13236] DEBUG:  checkpoint sync: number=113 file=base/24777/1417 time=0.002 ms
2026-09-25 14:29:36.626 UTC [13236] DEBUG:  checkpoint sync: number=114 file=base/24777/6237 time=0.002 ms
2026-09-25 14:29:36.626 UTC [13236] DEBUG:  checkpoint sync: number=115 file=base/24777/13529 time=0.002 ms
2026-09-25 14:29:36.626 UTC [13236] DEBUG:  checkpoint sync: number=116 file=base/24777/3085 time=0.001 ms
2026-09-25 14:29:36.626 UTC [13236] DEBUG:  checkpoint sync: number=117 file=base/24777/24822 time=0.000 ms
2026-09-25 14:29:36.626 UTC [13236] DEBUG:  checkpoint sync: number=118 file=base/24777/1255_vm time=0.000 ms
2026-09-25 14:29:36.626 UTC [13236] DEBUG:  checkpoint sync: number=119 file=base/24777/2703 time=0.000 ms
2026-09-25 14:29:36.626 UTC [13236] DEBUG:  checkpoint sync: number=120 file=global/2672 time=0.000 ms
2026-09-25 14:29:36.626 UTC [13236] DEBUG:  checkpoint sync: number=121 file=base/24777/3431 time=0.001 ms
2026-09-25 14:29:36.626 UTC [13236] DEBUG:  checkpoint sync: number=122 file=base/24777/2696 time=0.000 ms
2026-09-25 14:29:36.626 UTC [13236] DEBUG:  checkpoint sync: number=123 file=base/24777/3395 time=0.000 ms
2026-09-25 14:29:36.626 UTC [13236] DEBUG:  checkpoint sync: number=124 file=base/24777/3079_vm time=0.000 ms
2026-09-25 14:29:36.626 UTC [13236] DEBUG:  checkpoint sync: number=125 file=base/24777/6104 time=0.002 ms
2026-09-25 14:29:36.626 UTC [13236] DEBUG:  checkpoint sync: number=126 file=base/24777/24813 time=0.002 ms
2026-09-25 14:29:36.626 UTC [13236] DEBUG:  checkpoint sync: number=127 file=base/24777/3609 time=0.000 ms
2026-09-25 14:29:36.626 UTC [13236] DEBUG:  checkpoint sync: number=128 file=base/24777/2608_fsm time=0.000 ms
2026-09-25 14:29:36.626 UTC [13236] DEBUG:  checkpoint sync: number=129 file=base/24777/4167 time=0.001 ms
2026-09-25 14:29:36.626 UTC [13236] DEBUG:  checkpoint sync: number=130 file=base/24777/3379 time=0.000 ms
2026-09-25 14:29:36.626 UTC [13236] DEBUG:  checkpoint sync: number=131 file=base/24777/2692 time=0.000 ms
2026-09-25 14:29:36.626 UTC [13236] DEBUG:  checkpoint sync: number=132 file=base/24777/4155 time=0.002 ms
2026-09-25 14:29:36.626 UTC [13236] DEBUG:  checkpoint sync: number=133 file=base/24777/2612_vm time=0.000 ms
2026-09-25 14:29:36.626 UTC [13236] DEBUG:  checkpoint sync: number=134 file=base/24777/6111 time=0.000 ms
2026-09-25 14:29:36.626 UTC [13236] DEBUG:  checkpoint sync: number=135 file=base/24777/13516_vm time=0.000 ms
2026-09-25 14:29:36.626 UTC [13236] DEBUG:  checkpoint sync: number=136 file=base/24777/2674 time=0.000 ms
2026-09-25 14:29:36.626 UTC [13236] DEBUG:  checkpoint sync: number=137 file=base/24777/3712 time=0.000 ms
2026-09-25 14:29:36.626 UTC [13236] DEBUG:  checkpoint sync: number=138 file=base/24777/2835 time=0.000 ms
2026-09-25 14:29:36.626 UTC [13236] DEBUG:  checkpoint sync: number=139 file=base/24777/2610_fsm time=0.000 ms
2026-09-25 14:29:36.626 UTC [13236] DEBUG:  checkpoint sync: number=140 file=base/24777/2619_vm time=0.000 ms
2026-09-25 14:29:36.626 UTC [13236] DEBUG:  checkpoint sync: number=141 file=base/24777/2650 time=0.000 ms
2026-09-25 14:29:36.626 UTC [13236] DEBUG:  checkpoint sync: number=142 file=base/24777/3381 time=0.002 ms
2026-09-25 14:29:36.626 UTC [13236] DEBUG:  checkpoint sync: number=143 file=base/24777/2336 time=0.002 ms
2026-09-25 14:29:36.626 UTC [13236] DEBUG:  checkpoint sync: number=144 file=base/24777/2604 time=0.000 ms
2026-09-25 14:29:36.626 UTC [13236] DEBUG:  checkpoint sync: number=145 file=base/24777/2607_vm time=0.000 ms
2026-09-25 14:29:36.626 UTC [13236] DEBUG:  checkpoint sync: number=146 file=base/24777/24814 time=0.000 ms
2026-09-25 14:29:36.626 UTC [13236] DEBUG:  checkpoint sync: number=147 file=base/24777/2686 time=0.000 ms
2026-09-25 14:29:36.626 UTC [13236] DEBUG:  checkpoint sync: number=148 file=base/24777/2603 time=0.000 ms
2026-09-25 14:29:36.626 UTC [13236] DEBUG:  checkpoint sync: number=149 file=global/1233 time=0.000 ms
2026-09-25 14:29:36.626 UTC [13236] DEBUG:  checkpoint sync: number=150 file=base/24777/2840 time=0.000 ms
2026-09-25 14:29:36.626 UTC [13236] DEBUG:  checkpoint sync: number=151 file=base/24777/6351 time=0.002 ms
2026-09-25 14:29:36.626 UTC [13236] DEBUG:  checkpoint sync: number=152 file=base/24777/2680 time=0.000 ms
2026-09-25 14:29:36.626 UTC [13236] DEBUG:  checkpoint sync: number=153 file=base/24777/3429 time=0.001 ms
2026-09-25 14:29:36.626 UTC [13236] DEBUG:  checkpoint sync: number=154 file=base/24777/13524 time=0.002 ms
2026-09-25 14:29:36.626 UTC [13236] DEBUG:  checkpoint sync: number=155 file=base/24777/2653 time=0.000 ms
2026-09-25 14:29:36.626 UTC [13236] DEBUG:  checkpoint sync: number=156 file=base/24777/3439 time=0.002 ms
2026-09-25 14:29:36.626 UTC [13236] DEBUG:  checkpoint sync: number=157 file=base/24777/2606 time=0.001 ms
2026-09-25 14:29:36.626 UTC [13236] DEBUG:  checkpoint sync: number=158 file=base/24777/2605 time=0.000 ms
2026-09-25 14:29:36.626 UTC [13236] DEBUG:  checkpoint sync: number=159 file=base/24777/24798_vm time=0.000 ms
2026-09-25 14:29:36.626 UTC [13236] DEBUG:  checkpoint sync: number=160 file=base/24777/5002 time=0.000 ms
2026-09-25 14:29:36.626 UTC [13236] DEBUG:  checkpoint sync: number=161 file=base/24777/2608 time=0.000 ms
2026-09-25 14:29:36.626 UTC [13236] DEBUG:  checkpoint sync: number=162 file=global/1262 time=0.001 ms
2026-09-25 14:29:36.626 UTC [13236] DEBUG:  checkpoint sync: number=163 file=base/24777/174 time=0.001 ms
2026-09-25 14:29:36.626 UTC [13236] DEBUG:  checkpoint sync: number=164 file=base/24777/2600_vm time=0.000 ms
2026-09-25 14:29:36.626 UTC [13236] DEBUG:  checkpoint sync: number=165 file=base/24777/2654 time=0.000 ms
2026-09-25 14:29:36.626 UTC [13236] DEBUG:  checkpoint sync: number=166 file=base/24777/3468 time=0.000 ms
2026-09-25 14:29:36.626 UTC [13236] DEBUG:  checkpoint sync: number=167 file=base/24777/6175 time=0.002 ms
2026-09-25 14:29:36.626 UTC [13236] DEBUG:  checkpoint sync: number=168 file=base/24777/3081 time=0.000 ms
2026-09-25 14:29:36.626 UTC [13236] DEBUG:  checkpoint sync: number=169 file=base/24777/3119 time=0.000 ms
2026-09-25 14:29:36.626 UTC [13236] DEBUG:  checkpoint sync: number=170 file=base/24777/3597 time=0.000 ms
2026-09-25 14:29:36.626 UTC [13236] DEBUG:  checkpoint sync: number=171 file=base/24777/6116 time=0.000 ms
2026-09-25 14:29:36.626 UTC [13236] DEBUG:  checkpoint sync: number=172 file=base/24777/549 time=0.000 ms
2026-09-25 14:29:36.626 UTC [13236] DEBUG:  checkpoint sync: number=173 file=base/24777/6112 time=0.000 ms
2026-09-25 14:29:36.626 UTC [13236] DEBUG:  checkpoint sync: number=174 file=base/24777/1255 time=0.000 ms
2026-09-25 14:29:36.626 UTC [13236] DEBUG:  checkpoint sync: number=175 file=base/24777/2753 time=0.000 ms
2026-09-25 14:29:36.626 UTC [13236] DEBUG:  checkpoint sync: number=176 file=base/24777/3602_vm time=0.000 ms
2026-09-25 14:29:36.626 UTC [13236] DEBUG:  checkpoint sync: number=177 file=base/24777/4153 time=0.004 ms
2026-09-25 14:29:36.626 UTC [13236] DEBUG:  checkpoint sync: number=178 file=base/24777/2673 time=0.000 ms
2026-09-25 14:29:36.626 UTC [13236] DEBUG:  checkpoint sync: number=179 file=base/24777/2617 time=0.000 ms
2026-09-25 14:29:36.626 UTC [13236] DEBUG:  checkpoint sync: number=180 file=base/24777/2670 time=0.000 ms
2026-09-25 14:29:36.626 UTC [13236] DEBUG:  checkpoint sync: number=181 file=base/24777/13516_fsm time=0.000 ms
2026-09-25 14:29:36.626 UTC [13236] DEBUG:  checkpoint sync: number=182 file=base/24777/3603_vm time=0.000 ms
2026-09-25 14:29:36.626 UTC [13236] DEBUG:  checkpoint sync: number=183 file=base/24777/3079 time=0.000 ms
2026-09-25 14:29:36.626 UTC [13236] DEBUG:  checkpoint sync: number=184 file=base/24777/4143 time=0.002 ms
2026-09-25 14:29:36.626 UTC [13236] DEBUG:  checkpoint sync: number=185 file=base/24777/2620 time=0.002 ms
2026-09-25 14:29:36.626 UTC [13236] DEBUG:  checkpoint sync: number=186 file=base/24777/548 time=0.000 ms
2026-09-25 14:29:36.626 UTC [13236] DEBUG:  checkpoint sync: number=187 file=base/24777/3455 time=0.000 ms
2026-09-25 14:29:36.626 UTC [13236] DEBUG:  checkpoint sync: number=188 file=base/24777/4154 time=0.001 ms
2026-09-25 14:29:36.626 UTC [13236] DEBUG:  checkpoint sync: number=189 file=base/24777/3601_fsm time=0.000 ms
2026-09-25 14:29:36.626 UTC [13236] DEBUG:  checkpoint sync: number=190 file=base/24777/2656 time=0.000 ms
2026-09-25 14:29:36.626 UTC [13236] DEBUG:  checkpoint sync: number=191 file=pg_multixact/offsets/0000 time=0.004 ms
2026-09-25 14:29:36.626 UTC [13236] DEBUG:  checkpoint sync: number=192 file=base/24777/2600_fsm time=0.000 ms
2026-09-25 14:29:36.626 UTC [13236] DEBUG:  checkpoint sync: number=193 file=base/24777/3541_vm time=0.000 ms
2026-09-25 14:29:36.626 UTC [13236] DEBUG:  checkpoint sync: number=194 file=base/24777/13514 time=0.002 ms
2026-09-25 14:29:36.626 UTC [13236] DEBUG:  checkpoint sync: number=195 file=base/24777/4170 time=0.000 ms
2026-09-25 14:29:36.626 UTC [13236] DEBUG:  checkpoint sync: number=196 file=base/24777/2610_vm time=0.000 ms
2026-09-25 14:29:36.626 UTC [13236] DEBUG:  checkpoint sync: number=197 file=base/24777/13521_fsm time=0.000 ms
2026-09-25 14:29:36.626 UTC [13236] DEBUG:  checkpoint sync: number=198 file=base/24777/4164 time=0.000 ms
2026-09-25 14:29:36.626 UTC [13236] DEBUG:  checkpoint sync: number=199 file=base/24777/2693 time=0.000 ms
2026-09-25 14:29:36.626 UTC [13236] DEBUG:  checkpoint sync: number=200 file=base/24777/113 time=0.000 ms
2026-09-25 14:29:36.626 UTC [13236] DEBUG:  checkpoint sync: number=201 file=base/24777/2657 time=0.000 ms
2026-09-25 14:29:36.626 UTC [13236] DEBUG:  checkpoint sync: number=202 file=base/24777/2669 time=0.000 ms
2026-09-25 14:29:36.626 UTC [13236] DEBUG:  checkpoint sync: number=203 file=base/24777/13511_fsm time=0.000 ms
2026-09-25 14:29:36.626 UTC [13236] DEBUG:  checkpoint sync: number=204 file=base/24777/4150 time=0.000 ms
2026-09-25 14:29:36.626 UTC [13236] DEBUG:  checkpoint sync: number=205 file=base/24777/2833 time=0.000 ms
2026-09-25 14:29:36.626 UTC [13236] DEBUG:  checkpoint sync: number=206 file=base/24777/3380 time=0.000 ms
2026-09-25 14:29:36.626 UTC [13236] DEBUG:  checkpoint sync: number=207 file=base/24777/3256 time=0.000 ms
2026-09-25 14:29:36.626 UTC [13236] DEBUG:  checkpoint sync: number=208 file=base/24777/3456 time=0.000 ms
2026-09-25 14:29:36.626 UTC [13236] DEBUG:  checkpoint sync: number=209 file=base/24777/6110 time=0.001 ms
2026-09-25 14:29:36.626 UTC [13236] DEBUG:  checkpoint sync: number=210 file=base/24777/2756 time=0.001 ms
2026-09-25 14:29:36.626 UTC [13236] DEBUG:  checkpoint sync: number=211 file=base/24777/24804 time=0.000 ms
2026-09-25 14:29:36.626 UTC [13236] DEBUG:  checkpoint sync: number=212 file=base/24777/3456_fsm time=0.000 ms
2026-09-25 14:29:36.626 UTC [13236] DEBUG:  checkpoint sync: number=213 file=global/2677 time=0.000 ms
2026-09-25 14:29:36.626 UTC [13236] DEBUG:  checkpoint sync: number=214 file=base/24777/4148 time=0.000 ms
2026-09-25 14:29:36.626 UTC [13236] DEBUG:  checkpoint sync: number=215 file=global/2671 time=0.000 ms
2026-09-25 14:29:36.626 UTC [13236] DEBUG:  checkpoint sync: number=216 file=base/24777/2687 time=0.000 ms
2026-09-25 14:29:36.626 UTC [13236] DEBUG:  checkpoint sync: number=217 file=base/24777/13516 time=0.000 ms
2026-09-25 14:29:36.626 UTC [13236] DEBUG:  checkpoint sync: number=218 file=base/24777/1247_vm time=0.000 ms
2026-09-25 14:29:36.626 UTC [13236] DEBUG:  checkpoint sync: number=219 file=base/24777/4158 time=0.000 ms
2026-09-25 14:29:36.626 UTC [13236] DEBUG:  checkpoint sync: number=220 file=base/24777/2651 time=0.000 ms
2026-09-25 14:29:36.626 UTC [13236] DEBUG:  checkpoint sync: number=221 file=base/24777/3606 time=0.000 ms
2026-09-25 14:29:36.626 UTC [13236] DEBUG:  checkpoint sync: number=222 file=base/24777/13519 time=0.001 ms
2026-09-25 14:29:36.626 UTC [13236] DEBUG:  checkpoint sync: number=223 file=base/24777/3604 time=0.000 ms
2026-09-25 14:29:36.626 UTC [13236] DEBUG:  checkpoint sync: number=224 file=base/24777/2616 time=0.000 ms
2026-09-25 14:29:36.626 UTC [13236] DEBUG:  checkpoint sync: number=225 file=base/24777/4163 time=0.001 ms
2026-09-25 14:29:36.626 UTC [13236] DEBUG:  checkpoint sync: number=226 file=base/24777/24803 time=0.000 ms
2026-09-25 14:29:36.626 UTC [13236] DEBUG:  checkpoint sync: number=227 file=base/24777/2757 time=0.000 ms
2026-09-25 14:29:36.626 UTC [13236] DEBUG:  checkpoint sync: number=228 file=base/24777/4151 time=0.002 ms
2026-09-25 14:29:36.626 UTC [13236] DEBUG:  checkpoint sync: number=229 file=base/24777/2841 time=0.000 ms
2026-09-25 14:29:36.626 UTC [13236] DEBUG:  checkpoint sync: number=230 file=base/24777/3350 time=0.001 ms
2026-09-25 14:29:36.626 UTC [13236] DEBUG:  checkpoint sync: number=231 file=base/24777/2832 time=0.001 ms
2026-09-25 14:29:36.626 UTC [13236] DEBUG:  checkpoint sync: number=232 file=base/24777/2755 time=0.001 ms
2026-09-25 14:29:36.626 UTC [13236] DEBUG:  checkpoint sync: number=233 file=base/24777/2610 time=0.000 ms
2026-09-25 14:29:36.626 UTC [13236] DEBUG:  checkpoint sync: number=234 file=base/24777/3456_vm time=0.000 ms
2026-09-25 14:29:36.626 UTC [13236] DEBUG:  checkpoint sync: number=235 file=base/24777/6229 time=0.000 ms
2026-09-25 14:29:36.626 UTC [13236] DEBUG:  checkpoint sync: number=236 file=base/24777/3603 time=0.000 ms
2026-09-25 14:29:36.626 UTC [13236] DEBUG:  checkpoint sync: number=237 file=base/24777/24798 time=0.000 ms
2026-09-25 14:29:36.626 UTC [13236] DEBUG:  checkpoint sync: number=238 file=base/24777/2831 time=0.000 ms
2026-09-25 14:29:36.626 UTC [13236] DEBUG:  checkpoint sync: number=239 file=base/24777/4156 time=0.000 ms
2026-09-25 14:29:36.626 UTC [13236] DEBUG:  checkpoint sync: number=240 file=base/24777/2337 time=0.000 ms
2026-09-25 14:29:36.626 UTC [13236] DEBUG:  checkpoint sync: number=241 file=base/24777/24805 time=0.000 ms
2026-09-25 14:29:36.626 UTC [13236] DEBUG:  checkpoint sync: number=242 file=base/24777/4149 time=0.002 ms
2026-09-25 14:29:36.626 UTC [13236] DEBUG:  checkpoint sync: number=243 file=base/24777/3599 time=0.000 ms
2026-09-25 14:29:36.626 UTC [13236] DEBUG:  checkpoint sync: number=244 file=base/24777/13526 time=0.000 ms
2026-09-25 14:29:36.626 UTC [13236] DEBUG:  checkpoint sync: number=245 file=base/24777/2678 time=0.000 ms
2026-09-25 14:29:36.626 UTC [13236] DEBUG:  checkpoint sync: number=246 file=base/24777/2701 time=0.000 ms
2026-09-25 14:29:36.626 UTC [13236] DEBUG:  checkpoint sync: number=247 file=base/24777/1418 time=0.002 ms
2026-09-25 14:29:36.626 UTC [13236] DEBUG:  checkpoint sync: number=248 file=base/24777/2617_fsm time=0.000 ms
2026-09-25 14:29:36.626 UTC [13236] DEBUG:  checkpoint sync: number=249 file=base/24777/13530 time=0.000 ms
2026-09-25 14:29:36.626 UTC [13236] DEBUG:  checkpoint sync: number=250 file=base/24777/24818 time=0.000 ms
2026-09-25 14:29:36.626 UTC [13236] DEBUG:  checkpoint sync: number=251 file=base/24777/4173 time=0.001 ms
2026-09-25 14:29:36.626 UTC [13236] DEBUG:  checkpoint sync: number=252 file=base/24777/2840_vm time=0.000 ms
2026-09-25 14:29:36.626 UTC [13236] DEBUG:  checkpoint sync: number=253 file=base/24777/1249 time=0.000 ms
2026-09-25 14:29:36.626 UTC [13236] DEBUG:  checkpoint sync: number=254 file=base/24777/3541_fsm time=0.000 ms
2026-09-25 14:29:36.626 UTC [13236] DEBUG:  checkpoint sync: number=255 file=base/24777/24810 time=0.000 ms
2026-09-25 14:29:36.627 UTC [13236] DEBUG:  checkpoint sync: number=256 file=base/24777/3394_fsm time=0.000 ms
2026-09-25 14:29:36.627 UTC [13236] DEBUG:  checkpoint sync: number=257 file=base/24777/3430 time=0.001 ms
2026-09-25 14:29:36.627 UTC [13236] DEBUG:  checkpoint sync: number=258 file=base/24777/1249_fsm time=0.000 ms
2026-09-25 14:29:36.627 UTC [13236] DEBUG:  checkpoint sync: number=259 file=base/24777/2613 time=0.001 ms
2026-09-25 14:29:36.627 UTC [13236] DEBUG:  checkpoint sync: number=260 file=base/24777/13521 time=0.000 ms
2026-09-25 14:29:36.627 UTC [13236] DEBUG:  checkpoint sync: number=261 file=base/24777/2684 time=0.001 ms
2026-09-25 14:29:36.627 UTC [13236] DEBUG:  checkpoint sync: number=262 file=base/24777/4152 time=0.000 ms
2026-09-25 14:29:36.627 UTC [13236] DEBUG:  checkpoint sync: number=263 file=base/24777/2655 time=0.000 ms
2026-09-25 14:29:36.627 UTC [13236] DEBUG:  checkpoint sync: number=264 file=base/24777/3607 time=0.000 ms
2026-09-25 14:29:36.627 UTC [13236] DEBUG:  checkpoint sync: number=265 file=base/24777/1259_vm time=0.000 ms
2026-09-25 14:29:36.627 UTC [13236] DEBUG:  checkpoint sync: number=266 file=base/24777/2609 time=0.000 ms
2026-09-25 14:29:36.627 UTC [13236] DEBUG:  checkpoint sync: number=267 file=base/24777/4145 time=0.001 ms
2026-09-25 14:29:36.627 UTC [13236] DEBUG:  checkpoint sync: number=268 file=base/24777/2606_fsm time=0.000 ms
2026-09-25 14:29:36.627 UTC [13236] DEBUG:  checkpoint sync: number=269 file=base/24777/2683 time=0.000 ms
2026-09-25 14:29:36.627 UTC [13236] DEBUG:  checkpoint sync: number=270 file=base/24777/3257 time=0.000 ms
2026-09-25 14:29:36.627 UTC [13236] DEBUG:  checkpoint sync: number=271 file=base/24777/24818_vm time=0.000 ms
2026-09-25 14:29:36.627 UTC [13236] DEBUG:  checkpoint sync: number=272 file=base/24777/1259_fsm time=0.000 ms
2026-09-25 14:29:36.627 UTC [13236] DEBUG:  checkpoint sync: number=273 file=base/24777/4144 time=0.000 ms
2026-09-25 14:29:36.627 UTC [13236] DEBUG:  checkpoint sync: number=274 file=base/24777/13511_vm time=0.000 ms
2026-09-25 14:29:36.627 UTC [13236] DEBUG:  checkpoint sync: number=275 file=base/24777/3258 time=0.000 ms
2026-09-25 14:29:36.627 UTC [13236] DEBUG:  checkpoint sync: number=276 file=base/24777/2668 time=0.000 ms
2026-09-25 14:29:36.627 UTC [13236] DEBUG:  checkpoint sync: number=277 file=base/24777/2612_fsm time=0.000 ms
2026-09-25 14:29:36.627 UTC [13236] DEBUG:  checkpoint sync: number=278 file=base/24777/2836_vm time=0.000 ms
2026-09-25 14:29:36.627 UTC [13236] DEBUG:  checkpoint sync: number=279 file=base/24777/3764_fsm time=0.000 ms
2026-09-25 14:29:36.627 UTC [13236] DEBUG:  checkpoint sync: number=280 file=base/24777/2681 time=0.000 ms
2026-09-25 14:29:36.627 UTC [13236] DEBUG:  checkpoint sync: number=281 file=base/24777/2602_fsm time=0.000 ms
2026-09-25 14:29:36.627 UTC [13236] DEBUG:  checkpoint sync: number=282 file=base/24777/2328 time=0.002 ms
2026-09-25 14:29:36.627 UTC [13236] DEBUG:  checkpoint sync: number=283 file=base/24777/2836 time=0.000 ms
2026-09-25 14:29:36.627 UTC [13236] DEBUG:  checkpoint sync: number=284 file=base/24777/3394_vm time=0.000 ms
2026-09-25 14:29:36.627 UTC [13236] DEBUG:  checkpoint sync: number=285 file=base/24777/2616_fsm time=0.000 ms
2026-09-25 14:29:36.627 UTC [13236] DEBUG:  checkpoint sync: number=286 file=base/24777/2662 time=0.000 ms
2026-09-25 14:29:36.627 UTC [13236] DEBUG:  checkpoint sync: number=287 file=base/24777/2840_fsm time=0.000 ms
2026-09-25 14:29:36.627 UTC [13236] DEBUG:  checkpoint sync: number=288 file=base/24777/6176 time=0.000 ms
2026-09-25 14:29:36.627 UTC [13236] DEBUG:  checkpoint sync: number=289 file=base/24777/2689 time=0.000 ms
2026-09-25 14:29:36.627 UTC [13236] DEBUG:  checkpoint sync: number=290 file=base/24777/2702 time=0.000 ms
2026-09-25 14:29:36.627 UTC [13236] DEBUG:  checkpoint sync: number=291 file=base/24777/3534 time=0.000 ms
2026-09-25 14:29:36.627 UTC [13236] DEBUG:  checkpoint sync: number=292 file=base/24777/24821 time=0.002 ms
2026-09-25 14:29:36.627 UTC [13236] DEBUG:  checkpoint sync: number=293 file=base/24777/24802 time=0.001 ms
2026-09-25 14:29:36.627 UTC [13236] DEBUG:  checkpoint sync: number=294 file=base/24777/3164 time=0.000 ms
2026-09-25 14:29:36.627 UTC [13236] DEBUG:  checkpoint sync: number=295 file=base/24777/3466 time=0.002 ms
2026-09-25 14:29:36.627 UTC [13236] DEBUG:  checkpoint sync: number=296 file=base/24777/2838 time=0.000 ms
2026-09-25 14:29:36.627 UTC [13236] DEBUG:  checkpoint sync: number=297 file=base/24777/4169 time=0.001 ms
2026-09-25 14:29:36.627 UTC [13236] DEBUG:  checkpoint sync: number=298 file=base/24777/2691 time=0.000 ms
2026-09-25 14:29:36.627 UTC [13236] DEBUG:  checkpoint sync: number=299 file=base/24777/2601_vm time=0.000 ms
2026-09-25 14:29:36.627 UTC [13236] DEBUG:  checkpoint sync: number=300 file=base/24777/2688 time=0.000 ms
2026-09-25 14:29:36.627 UTC [13236] DEBUG:  checkpoint sync: number=301 file=base/24777/2605_vm time=0.000 ms
2026-09-25 14:29:36.627 UTC [13236] DEBUG:  checkpoint sync: number=302 file=base/24777/112 time=0.000 ms
2026-09-25 14:29:36.627 UTC [13236] DEBUG:  checkpoint sync: number=303 file=base/24777/1247 time=0.000 ms
2026-09-25 14:29:36.627 UTC [13236] DEBUG:  checkpoint sync: number=304 file=base/24777/2615 time=0.000 ms
2026-09-25 14:29:36.627 UTC [13236] DEBUG:  checkpoint sync: number=305 file=base/24777/2837 time=0.000 ms
2026-09-25 14:29:36.627 UTC [13236] DEBUG:  checkpoint sync: number=306 file=base/24777/2603_vm time=0.000 ms
2026-09-25 14:29:36.627 UTC [13236] DEBUG:  checkpoint sync: number=307 file=base/24777/827 time=0.000 ms
2026-09-25 14:29:36.627 UTC [13236] DEBUG:  checkpoint sync: number=308 file=base/24777/2600 time=0.000 ms
2026-09-25 14:29:36.627 UTC [13236] DEBUG:  checkpoint sync: number=309 file=pg_xact/0000 time=0.002 ms
2026-09-25 14:29:36.627 UTC [13236] DEBUG:  checkpoint sync: number=310 file=base/24777/2608_vm time=0.000 ms
2026-09-25 14:29:36.627 UTC [13236] DEBUG:  checkpoint sync: number=311 file=base/24777/2754 time=0.000 ms
2026-09-25 14:29:36.627 UTC [13236] DEBUG:  checkpoint sync: number=312 file=base/24777/2675 time=0.000 ms
2026-09-25 14:29:36.627 UTC [13236] DEBUG:  checkpoint sync: number=313 file=base/24777/4159 time=0.002 ms
2026-09-25 14:29:36.627 UTC [13236] DEBUG:  checkpoint sync: number=314 file=base/24777/3440 time=0.000 ms
2026-09-25 14:29:36.627 UTC [13236] DEBUG:  checkpoint sync: number=315 file=base/24777/2607_fsm time=0.000 ms
2026-09-25 14:29:36.627 UTC [13236] DEBUG:  checkpoint sync: number=316 file=base/24777/3433 time=0.000 ms
2026-09-25 14:29:36.627 UTC [13236] DEBUG:  checkpoint sync: number=317 file=base/24777/2660 time=0.001 ms
2026-09-25 14:29:36.627 UTC [13236] DEBUG:  checkpoint sync: number=318 file=base/24777/3467 time=0.000 ms
2026-09-25 14:29:36.627 UTC [13236] DEBUG:  checkpoint sync: number=319 file=base/24777/2612 time=0.000 ms
2026-09-25 14:29:36.627 UTC [13236] DEBUG:  checkpoint sync: number=320 file=base/24777/13526_fsm time=0.000 ms
2026-09-25 14:29:36.627 UTC [13236] DEBUG:  checkpoint sync: number=321 file=base/24777/2666 time=0.000 ms
2026-09-25 14:29:36.627 UTC [13236] DEBUG:  checkpoint sync: number=322 file=base/24777/6106 time=0.001 ms
2026-09-25 14:29:36.627 UTC [13236] DEBUG:  checkpoint sync: number=323 file=base/24777/2602 time=0.000 ms
2026-09-25 14:29:36.627 UTC [13236] DEBUG:  checkpoint sync: number=324 file=base/24777/2618 time=0.000 ms
2026-09-25 14:29:36.627 UTC [13236] DEBUG:  checkpoint sync: number=325 file=base/24777/2605_fsm time=0.000 ms
2026-09-25 14:29:36.627 UTC [13236] DEBUG:  checkpoint sync: number=326 file=base/24777/3576 time=0.002 ms
2026-09-25 14:29:36.627 UTC [13236] DEBUG:  checkpoint sync: number=327 file=global/2676 time=0.000 ms
2026-09-25 14:29:36.627 UTC [13236] DEBUG:  checkpoint sync: number=328 file=base/24777/24798_fsm time=0.004 ms
2026-09-25 14:29:36.628 UTC [13236] LOG:  checkpoint complete: wrote 1717 buffers (10.5%), wrote 3 SLRU buffers; 0 WAL file(s) added, 1 removed, 0 recycled; write=0.010 s, sync=0.001 s, total=0.012 s; sync files=328, longest=0.001 s, average=0.000 s; distance=13559 kB, estimate=13559 kB; lsn=0/2306FC38, redo lsn=0/2306FC38
2026-09-25 14:29:36.631 UTC [13232] DEBUG:  updating PMState from PM_RECOVERY to PM_RUN
2026-09-25 14:29:36.631 UTC [13232] LOG:  database system is ready to accept connections
2026-09-25 14:29:36.631 UTC [13232] DEBUG:  starting background worker process "logical replication launcher"
2026-09-25 14:29:36.632 UTC [13240] DEBUG:  logical replication launcher started
2026-09-25 14:30:08.531 UTC [13368] DEBUG:  building index "pg_toast_32892_index" on table "pg_toast_32892" serially
2026-09-25 14:30:08.531 UTC [13368] DEBUG:  index "pg_toast_32892_index" can safely use deduplication
2026-09-25 14:30:08.632 UTC [13368] DEBUG:  building index "documents_pin" on table "documents" serially
2026-09-25 14:30:11.617 UTC [13368] DEBUG:  Pin grouped snapshot: documents=20000 groups=3 written_pages=154 reclaimed_pages=0 sort_spilled=false frontier_terms=0
2026-09-25 14:30:11.620 UTC [13368] DEBUG:  building index "documents_gin" on table "documents" serially
2026-09-25 14:30:12.286 UTC [13368] DEBUG:  Pin compaction: retained_pages=0 written_pages=4132 reclaimed_pages=4284 reused_pages=4124
2026-09-25 14:30:12.286 UTC [13368] CONTEXT:  while cleaning up index "documents_pin" of relation "pin_grouped_count_bench.documents"
2026-09-25 14:30:15.948 UTC [13368] DEBUG:  Pin grouped delta: documents=512 groups=1 written_pages=15 reclaimed_pages=0 sort_spilled=false
2026-09-25 14:30:16.060 UTC [13368] DEBUG:  Pin grouped delta: documents=1024 groups=1 written_pages=21 reclaimed_pages=15 sort_spilled=false
2026-09-25 14:30:16.164 UTC [13368] DEBUG:  Pin grouped delta: documents=512 groups=1 written_pages=15 reclaimed_pages=0 sort_spilled=false
2026-09-25 14:30:16.324 UTC [13368] DEBUG:  Pin grouped delta: documents=2048 groups=1 written_pages=34 reclaimed_pages=36 sort_spilled=false
2026-09-25 14:30:16.452 UTC [13368] DEBUG:  Pin grouped delta: documents=512 groups=1 written_pages=15 reclaimed_pages=0 sort_spilled=false
2026-09-25 14:30:16.595 UTC [13368] DEBUG:  Pin grouped delta: documents=1024 groups=1 written_pages=21 reclaimed_pages=15 sort_spilled=false
2026-09-25 14:30:16.704 UTC [13368] DEBUG:  Pin grouped delta: documents=512 groups=1 written_pages=15 reclaimed_pages=0 sort_spilled=false
2026-09-25 14:30:16.930 UTC [13368] DEBUG:  Pin grouped delta: documents=4096 groups=1 written_pages=58 reclaimed_pages=70 sort_spilled=false
2026-09-25 14:30:22.116 UTC [13368] DEBUG:  Pin grouped snapshot: documents=23871 groups=3 written_pages=194 reclaimed_pages=212 sort_spilled=false frontier_terms=0
2026-09-25 14:30:22.116 UTC [13368] CONTEXT:  while cleaning up index "documents_pin" of relation "pin_grouped_count_bench.documents"
2026-09-25 14:30:22.116 UTC [13368] DEBUG:  Pin compaction: retained_pages=0 written_pages=4331 reclaimed_pages=8481 reused_pages=4331
2026-09-25 14:30:22.116 UTC [13368] CONTEXT:  while cleaning up index "documents_pin" of relation "pin_grouped_count_bench.documents"
2026-09-25 14:30:24.305 UTC [13368] DEBUG:  building index "pg_toast_32902_index" on table "pg_toast_32902" serially
2026-09-25 14:30:24.305 UTC [13368] DEBUG:  index "pg_toast_32902_index" can safely use deduplication
2026-09-25 14:30:24.305 UTC [13368] DEBUG:  building index "write_gin_to_tsvector_idx" on table "write_gin" serially
2026-09-25 14:30:24.310 UTC [13368] DEBUG:  building index "pg_toast_32908_index" on table "pg_toast_32908" serially
2026-09-25 14:30:24.310 UTC [13368] DEBUG:  index "pg_toast_32908_index" can safely use deduplication
2026-09-25 14:30:24.310 UTC [13368] DEBUG:  building index "write_pin_body_idx" on table "write_pin" serially
2026-09-25 14:30:24.311 UTC [13368] DEBUG:  Pin grouped snapshot: documents=0 groups=0 written_pages=0 reclaimed_pages=0 sort_spilled=false frontier_terms=0
2026-09-25 14:30:24.326 UTC [13368] DEBUG:  Pin grouped snapshot: documents=100 groups=1 written_pages=10 reclaimed_pages=0 sort_spilled=false frontier_terms=0
2026-09-25 14:30:24.326 UTC [13368] CONTEXT:  while cleaning up index "write_pin_body_idx" of relation "pin_grouped_count_bench.write_pin"
2026-09-25 14:30:24.326 UTC [13368] DEBUG:  Pin compaction: retained_pages=0 written_pages=15 reclaimed_pages=5 reused_pages=5
2026-09-25 14:30:24.326 UTC [13368] CONTEXT:  while cleaning up index "write_pin_body_idx" of relation "pin_grouped_count_bench.write_pin"
2026-09-25 14:31:14.592 UTC [13557] DEBUG:  relation "pin_g9_bench.documents_pin" does not exist at character 29
2026-09-25 14:31:14.592 UTC [13557] ERROR:  relation "pin_g9_bench.documents_pin" does not exist at character 29
2026-09-25 14:31:14.592 UTC [13557] STATEMENT:  SELECT pg_relation_filepath('pin_g9_bench.documents_pin'::regclass),pg_relation_size('pin_g9_bench.documents_pin');
2026-09-25 14:31:28.655 UTC [13236] LOG:  checkpoint starting: immediate force wait
2026-09-25 14:31:28.655 UTC [13236] DEBUG:  performing replication slot checkpoint
2026-09-25 14:31:28.699 UTC [13236] DEBUG:  checkpoint sync: number=1 file=base/24699/32902_vm time=0.003 ms
2026-09-25 14:31:28.699 UTC [13236] DEBUG:  checkpoint sync: number=2 file=base/24699/2673 time=0.001 ms
2026-09-25 14:31:28.699 UTC [13236] DEBUG:  checkpoint sync: number=3 file=base/24699/2615 time=0.001 ms
2026-09-25 14:31:28.699 UTC [13236] DEBUG:  checkpoint sync: number=4 file=base/24777/1259 time=0.001 ms
2026-09-25 14:31:28.699 UTC [13236] DEBUG:  checkpoint sync: number=5 file=base/24777/2601 time=0.001 ms
2026-09-25 14:31:28.699 UTC [13236] DEBUG:  checkpoint sync: number=6 file=base/24699/32905 time=0.006 ms
2026-09-25 14:31:28.699 UTC [13236] DEBUG:  checkpoint sync: number=7 file=base/24699/32892_fsm time=0.000 ms
2026-09-25 14:31:28.699 UTC [13236] DEBUG:  checkpoint sync: number=8 file=base/24699/32892_vm time=0.000 ms
2026-09-25 14:31:28.699 UTC [13236] DEBUG:  checkpoint sync: number=9 file=base/24777/2619 time=0.001 ms
2026-09-25 14:31:28.699 UTC [13236] DEBUG:  checkpoint sync: number=10 file=base/24699/32902_fsm time=0.000 ms
2026-09-25 14:31:28.699 UTC [13236] DEBUG:  checkpoint sync: number=11 file=base/24699/2696 time=0.001 ms
2026-09-25 14:31:28.699 UTC [13236] DEBUG:  checkpoint sync: number=12 file=base/24699/1255 time=0.001 ms
2026-09-25 14:31:28.699 UTC [13236] DEBUG:  checkpoint sync: number=13 file=base/24699/1249_fsm time=0.000 ms
2026-09-25 14:31:28.699 UTC [13236] DEBUG:  checkpoint sync: number=14 file=base/24699/2659 time=0.001 ms
2026-09-25 14:31:28.699 UTC [13236] DEBUG:  checkpoint sync: number=15 file=base/24699/32908_vm time=0.000 ms
2026-09-25 14:31:28.699 UTC [13236] DEBUG:  checkpoint sync: number=16 file=base/24699/2841 time=0.001 ms
2026-09-25 14:31:28.699 UTC [13236] DEBUG:  checkpoint sync: number=17 file=base/24699/2704 time=0.000 ms
2026-09-25 14:31:28.699 UTC [13236] DEBUG:  checkpoint sync: number=18 file=base/24699/2610 time=0.001 ms
2026-09-25 14:31:28.699 UTC [13236] DEBUG:  checkpoint sync: number=19 file=base/24699/2840 time=0.000 ms
2026-09-25 14:31:28.699 UTC [13236] DEBUG:  checkpoint sync: number=20 file=base/24699/32913 time=0.000 ms
2026-09-25 14:31:28.699 UTC [13236] DEBUG:  checkpoint sync: number=21 file=base/24699/2840_vm time=0.000 ms
2026-09-25 14:31:28.699 UTC [13236] DEBUG:  checkpoint sync: number=22 file=base/24699/32899 time=0.000 ms
2026-09-25 14:31:28.699 UTC [13236] DEBUG:  checkpoint sync: number=23 file=global/1260 time=0.000 ms
2026-09-25 14:31:28.699 UTC [13236] DEBUG:  checkpoint sync: number=24 file=base/24699/2685 time=0.000 ms
2026-09-25 14:31:28.699 UTC [13236] DEBUG:  checkpoint sync: number=25 file=base/24699/2684 time=0.000 ms
2026-09-25 14:31:28.699 UTC [13236] DEBUG:  checkpoint sync: number=26 file=base/24699/32898 time=0.000 ms
2026-09-25 14:31:28.699 UTC [13236] DEBUG:  checkpoint sync: number=27 file=base/24777/2604 time=0.001 ms
2026-09-25 14:31:28.699 UTC [13236] DEBUG:  checkpoint sync: number=28 file=base/24699/2674 time=0.000 ms
2026-09-25 14:31:28.699 UTC [13236] DEBUG:  checkpoint sync: number=29 file=base/24699/2840_fsm time=0.000 ms
2026-09-25 14:31:28.699 UTC [13236] DEBUG:  checkpoint sync: number=30 file=base/24699/2608 time=0.001 ms
2026-09-25 14:31:28.699 UTC [13236] DEBUG:  checkpoint sync: number=31 file=base/24699/32892 time=0.000 ms
2026-09-25 14:31:28.699 UTC [13236] DEBUG:  checkpoint sync: number=32 file=base/24699/32908 time=0.000 ms
2026-09-25 14:31:28.699 UTC [13236] DEBUG:  checkpoint sync: number=33 file=global/1262 time=0.000 ms
2026-09-25 14:31:28.699 UTC [13236] DEBUG:  checkpoint sync: number=34 file=base/24777/1255 time=0.000 ms
2026-09-25 14:31:28.699 UTC [13236] DEBUG:  checkpoint sync: number=35 file=base/24777/2617 time=0.001 ms
2026-09-25 14:31:28.699 UTC [13236] DEBUG:  checkpoint sync: number=36 file=base/24699/32912 time=0.001 ms
2026-09-25 14:31:28.699 UTC [13236] DEBUG:  checkpoint sync: number=37 file=base/24699/3455 time=0.001 ms
2026-09-25 14:31:28.699 UTC [13236] DEBUG:  checkpoint sync: number=38 file=base/24699/32897 time=0.001 ms
2026-09-25 14:31:28.699 UTC [13236] DEBUG:  checkpoint sync: number=39 file=base/24699/32908_fsm time=0.000 ms
2026-09-25 14:31:28.699 UTC [13236] DEBUG:  checkpoint sync: number=40 file=base/24699/2656 time=0.000 ms
2026-09-25 14:31:28.699 UTC [13236] DEBUG:  checkpoint sync: number=41 file=base/24699/32906 time=0.002 ms
2026-09-25 14:31:28.699 UTC [13236] DEBUG:  checkpoint sync: number=42 file=base/24699/2610_vm time=0.000 ms
2026-09-25 14:31:28.699 UTC [13236] DEBUG:  checkpoint sync: number=43 file=base/24699/32896 time=0.001 ms
2026-09-25 14:31:28.699 UTC [13236] DEBUG:  checkpoint sync: number=44 file=base/24699/32907_fsm time=0.000 ms
2026-09-25 14:31:28.699 UTC [13236] DEBUG:  checkpoint sync: number=45 file=base/24777/2616 time=0.000 ms
2026-09-25 14:31:28.699 UTC [13236] DEBUG:  checkpoint sync: number=46 file=base/24699/2663 time=0.001 ms
2026-09-25 14:31:28.699 UTC [13236] DEBUG:  checkpoint sync: number=47 file=base/24699/2610_fsm time=0.000 ms
2026-09-25 14:31:28.699 UTC [13236] DEBUG:  checkpoint sync: number=48 file=base/24777/2610 time=0.001 ms
2026-09-25 14:31:28.699 UTC [13236] DEBUG:  checkpoint sync: number=49 file=base/24699/2604 time=0.001 ms
2026-09-25 14:31:28.699 UTC [13236] DEBUG:  checkpoint sync: number=50 file=base/24699/2619_vm time=0.000 ms
2026-09-25 14:31:28.699 UTC [13236] DEBUG:  checkpoint sync: number=51 file=base/24777/24798 time=0.001 ms
2026-09-25 14:31:28.699 UTC [13236] DEBUG:  checkpoint sync: number=52 file=base/24699/2657 time=0.000 ms
2026-09-25 14:31:28.699 UTC [13236] DEBUG:  checkpoint sync: number=53 file=base/24777/1249 time=0.000 ms
2026-09-25 14:31:28.699 UTC [13236] DEBUG:  checkpoint sync: number=54 file=base/24699/2662 time=0.000 ms
2026-09-25 14:31:28.699 UTC [13236] DEBUG:  checkpoint sync: number=55 file=base/24699/1247 time=0.000 ms
2026-09-25 14:31:28.699 UTC [13236] DEBUG:  checkpoint sync: number=56 file=base/24699/32907 time=0.000 ms
2026-09-25 14:31:28.699 UTC [13236] DEBUG:  checkpoint sync: number=57 file=base/24699/1259_vm time=0.000 ms
2026-09-25 14:31:28.699 UTC [13236] DEBUG:  checkpoint sync: number=58 file=base/24699/1259 time=0.000 ms
2026-09-25 14:31:28.699 UTC [13236] DEBUG:  checkpoint sync: number=59 file=base/24699/32911 time=0.001 ms
2026-09-25 14:31:28.699 UTC [13236] DEBUG:  checkpoint sync: number=60 file=base/24699/32899_fsm time=0.000 ms
2026-09-25 14:31:28.699 UTC [13236] DEBUG:  checkpoint sync: number=61 file=base/24699/1249 time=0.000 ms
2026-09-25 14:31:28.699 UTC [13236] DEBUG:  checkpoint sync: number=62 file=base/24699/32902 time=0.000 ms
2026-09-25 14:31:28.699 UTC [13236] DEBUG:  checkpoint sync: number=63 file=base/24777/1247 time=0.000 ms
2026-09-25 14:31:28.699 UTC [13236] DEBUG:  checkpoint sync: number=64 file=base/24777/2615 time=0.000 ms
2026-09-25 14:31:28.699 UTC [13236] DEBUG:  checkpoint sync: number=65 file=base/24699/2658 time=0.001 ms
2026-09-25 14:31:28.699 UTC [13236] DEBUG:  checkpoint sync: number=66 file=pg_xact/0000 time=0.004 ms
2026-09-25 14:31:28.699 UTC [13236] DEBUG:  checkpoint sync: number=67 file=base/24699/2679 time=0.000 ms
2026-09-25 14:31:28.699 UTC [13236] DEBUG:  checkpoint sync: number=68 file=base/24699/2703 time=0.000 ms
2026-09-25 14:31:28.699 UTC [13236] DEBUG:  checkpoint sync: number=69 file=base/24777/2602 time=0.000 ms
2026-09-25 14:31:28.699 UTC [13236] DEBUG:  checkpoint sync: number=70 file=base/24699/2619 time=0.000 ms
2026-09-25 14:31:28.699 UTC [13236] DEBUG:  checkpoint sync: number=71 file=base/24699/2678 time=0.000 ms
2026-09-25 14:31:28.699 UTC [13236] LOG:  checkpoint complete: wrote 10825 buffers (66.1%), wrote 1 SLRU buffers; 0 WAL file(s) added, 0 removed, 6 recycled; write=0.044 s, sync=0.001 s, total=0.045 s; sync files=71, longest=0.001 s, average=0.000 s; distance=110824 kB, estimate=110824 kB; lsn=0/29CA9C98, redo lsn=0/29CA9C40
